label,sentence1,sentence2
1,蹲下再站起来会头晕或眼前一片黑可以献血吗,蹲下头晕时贫血吗
1,女性献血者生理期间能否献血,女性献血者生理期间能否献血
1,为什么需要不同的血液成分,不同的血液成分有啥用
1,为什么血液的颜色有差别,为什么每个人的血液颜色看起来不太一样
0,献血会传染疾病吗,一年献一次献血量算多吗
0,体内HIV可完全清除,为什么有的人会晕血
0,采血量不足的血液为何不能输注给患者,为什么献血需核对身份证
0,血液的主要组成成分有哪些,三种输血方式_哪种适合您
0,人体血容量究竟是怎么算出来的,人体内血液总量是多少
0,献血前应做哪些准备,捐献成分血会不会感染疾病
1,我国公民参加献血的年龄规定是多少,献血对年龄有什么规定
0,空腹献血者为什么偶尔可出现低血糖性昏厥,人体哪些器官有贮血功能
0,捐血的时候容易被传染疾病吗,血液流出体外为什么会凝固
1,想献血但勇气不够怎么办,想献血但没有勇气怎么办
1,贮存式自身输血的临床应用哪些,贮存式自身输血的临床应用哪些
0,采血量不足的血液为何不能输注给患者,RhD阴性患者如何输注血小板
0,我害怕献血怎么办,献血会不会感染上疾病
1,献血能降血脂,献血可以使血脂降低吗
1,血站对采集的血液要做怎样的处理,采集的血液是如何处理的
0,人体造血的原料是什么,餐后献血会大大减少献血反应吗
1,全血为什么需要在4±2℃保存,全血为什么需要在4±2℃保存
0,血液的主要组成成分有哪些,HLA与器官移植有什么关系
1,在采集造血干细胞前为什么要对捐献者使用造血干细胞动员,在采集造血干细胞前对捐献者使用造血干细胞动员的理由是什么
1,献血能喝咖啡吗,献血可以喝咖啡吗
0,献血中出现低血糖性昏厥该如何处理,血液流速与哪些因素有关
0,是不是献了一次血后，就必须不停地献血,如果贫血怎么还可以献血吧
1,输血浆也需要血型相同吗,输血浆也需要血型相同吗
0,机采血浆是如何操作的,血液检测后可用和不可用的血液去向
1,怎样配合医生进行输血,怎样配合医生进行输血
1,红细胞为什么有时候需要冻存,红细胞需要冻存的原因是什么
0,白细胞膜上的抗原可分为几类,哪些人不适合献血
1,如果贫血怎么还可以献血吧,如果贫血怎么还可以献血吧
1,人体血容量究竟是怎么算出来的,如何计算人体的血容量
1,献血后身体会发胖吗,献血会让体重增加吗
0,胎儿也有血型吗,Rh阴性患者是否只能使用Rh阴性血
0,有血液恐惧症怎么办,献血后为什么手臂会出现淤血
1,献血后检测不合格是否就表示献血者患有疾病,献血后检测不合格是否就表示献血者患有疾病
0,目前临床输血进展如何,餐后献血会大大减少献血反应吗
0,采血方式有哪几种,贫血到什么程度需输血
1,血型漫画丨难忘的端午节，你们都是怎么包粽子的,难忘的端午节，你们都是怎么包粽子的
0,输血不畅如何处理,血小板的“神奇功效”，您知道几个
0,我害怕献血怎么办,人体急需血液时，自身哪些器官可以供血
0,血小板是否必须同型输注,献血后会贫血吗
1,身体里有多余的血吗,身体里有没用的血吗
0,Rh阴性血与Rh阳性血相比，在采集、制备和储存一样吗,人的血管能有多长
0,哪些情况需要输血,为什么不能输脂肪血
1,为什么献血无偿而用血有偿,为什么献血无偿而用血有偿
0,献血能喝咖啡吗,是不是献了一次血后，就必须不停地献血
0,为什么无偿献血，但输血却要收费,献血影响健康吗
1,健康者在多大年龄适合捐献造血干细胞_标准如何,健康者适合捐献造血干细胞的年龄以及标准
0,人体造血的原料是什么,Rh（－）者如何自我保护
0,为什么献血需核对身份证,献血影响健康吗
1,公民献血应遵守哪些规定,公民献血应遵守哪些规定
0,献血后补充哪种食物才能快速恢复元气,为什么无偿献血，但输血却要收费
0,为什么无偿献血，但输血却要收费,我献出的血液，采供血机构会如何处理
0,献血后会不会头晕,为什么献血使用的针头比一般的粗
1,献血和输血有何不同,献血和输血有何不同
0,献血中出现低血糖性昏厥该如何处理,机采成分血对身体有什么影响吗
0,平常还要体育锻炼怎么办,献血会传染疾病吗
0,晕血？原来是血管迷走神经的过度反应,为什么要实行无偿献血制度
0,空腹献血者为什么偶尔可出现低血糖性昏厥,献血会不会上瘾
0,为什么血压不合格不能献血,成分献血是什么概念
0,为什么说全血并不全,Rh（－）者如何自我保护
1,你还在纠结捐献200毫升还是400毫升么,你还在纠结捐献200毫升还是400毫升么
0,为什么要实行无偿献血制度,人的血管能有多长
1,打疫苗对献血有何影响,打疫苗多久可以献血
0,献血前应该喝糖水还是盐水,输血是治疗贫血最有效的方法吗
1,为什么需要献血,为什么要献血
0,为什么献血使用的针头比一般的粗,为什么要实行无偿献血制度
0,你接种的新冠病毒疫苗是哪种？间隔多久能献血？一文告诉你,献全血好还是血小板好？献血的10个小纠结，一次解决
0,血液的颜色是什么,为什么血压不合格不能献血
0,我献出的血液，采供血机构会如何处理,造血干细胞移植可治疗哪些疾病
0,血压是怎样形成的,献血后会贫血吗
1,献血可以减肥吗,献血能减肥吗
0,如何知道自己已成为捐献造血干细胞志愿者,为什么少数人会发生献血反应
0,血小板的“神奇功效”，您知道几个,如何计算每袋全血的重量
0,如何计算每袋全血的重量,贫血到什么程度需输血
0,每次献血献少点好吗,捐机采成分血和捐献全血有区别吗
1,献血后怎样查询血液检测结果,献血后怎样查询血液检测结果
0,献血可以减肥吗,想献血但勇气不够怎么办
1,为什么需要献血,献血的意义是什么
1,目前临床输血进展如何,目前临床输血进展如何
0,为什么直系亲属之间不宜相互献血,血液流速与哪些因素有关
1,捐献造血干细胞影响身体健康吗,捐献造血干细胞影响身体健康吗
0,献血后多久可以喝酒,大姨妈来了为什么不能献血
0,献血前连豆浆也不能喝,身体里有多余的血吗
1,为什么无偿献血，但输血却要收费,为什么无偿献血，但输血却要收费
0,献血能喝咖啡吗,输过血的人，为什么要1年后才能献血
1,自体输血适合您吗,自体输血是什么
0,捐机采成分血和捐献全血有区别吗,哪些人不适合献血
0,捐献造血干细胞对健康有影响吗,捐献造血干细胞你了解多少
0,国际社会公认的“无偿献血者”的概念是什么,采血时血液流速会影响血液质量吗
0,为什么血压不合格不能献血,我很怕痛，献血会痛吗
1,捐献后的血液需要低温保存吗,捐献后的血液需要低温保存吗
1,Rh（－）者输血供应有保障吗,Rh（－）血液储存够吗
0,采血袋中最常用的抗凝剂是什么,为什么无偿献血，但输血却要收费
0,献血后会不会头晕,献血后如何保护针眼
1,血液检测后可用和不可用的血液去向,血液检测后血液的去向
0,如何知道自己已成为捐献造血干细胞志愿者,输血是 越“新鲜”越好吗
0,献血为何要补充水份,胎儿也有血型吗
0,血型能变吗,为什么血压不合格不能献血
1,平常还要体育锻炼怎么办,平时体育锻炼能献血吗
0,机采血浆是如何操作的,母婴哪些血型会发生新生儿溶血症
0,献血时紧张怎么办,捐血的时候容易被传染疾病吗
1,想献血但勇气不够怎么办,想献血但勇气不够怎么办
0,肝素是如何抗凝的,为什么要控制采血的“量”
0,想献血但勇气不够怎么办,血液的颜色是什么
0,感冒是否可以献血,如何决定输血速度
0,献血中出现低血糖性昏厥该如何处理,为什么直系亲属之间不能相互献血
1,为什么需要献血,为什么需要献血
0,我害怕献血怎么办,为什么说全血并不全
0,献血会不会上瘾,“中国造血干细胞捐献者资料库”的哪些工作是与国际先进水平接轨的
1,献血后为什么手臂会出现淤血,献血后出现淤血怎么办
0,想献血但勇气不够怎么办,献血后如何保护针眼
1,母体与胎儿血相同吗,母体与胎儿的血是否一样
0,Rh是如何遗传的,在采血车内献血，血液质量有保证吗
1,献血者有哪些权利应受保护,献血者有哪些权利
0,献血会影响体力吗,献血后多长时间才能参加运动
1,献血要经过哪些步骤,献血步骤有哪些
1,"“无偿献血,有偿使用?”是这样的吗",为啥献血还要花钱
1,A型血易感新冠肺炎,A型血易感新冠肺炎
0,父母的血型与子女的血型有什么关系,白细胞是怎样排除异己的
0,为什么艾滋病病毒抗体（HIV抗体）阳性不能献血,HLA与输血有什么关系
1,体内HIV可完全清除,体内的艾滋病病毒是如何清除的
0,献血会不会感染上疾病,A型血易感新冠肺炎
0,献血前是吃饱了去，还是空腹呢,我害怕献血怎么办
0,献血能喝咖啡吗,Rh阴性患者如何输血
0,我很怕痛，献血会痛吗,为什么采血时塑料采血袋在不停地摆动
0,采血方式有哪几种,献血影响健康吗
1,餐后献血会大大减少献血反应吗,餐后献血更好吗
1,国家有关无偿献血的表彰及献血者的权利有哪些,献血者家庭成员的有待政策有哪些
1,为什么血压不合格不能献血,为什么血压不合格不能献血
0,月经期间为何不能献血,如果贫血怎么还可以献血吧
1,亲属间输血安全吗,亲属间输血安全吗
0,捐血的时候容易被传染疾病吗,是不是献了一次血后，就必须不停地献血
0,不知道献血码怎么查询献血记录,为什么无偿献血，但输血却要收费
1,自体输血适合您吗,自体输血适合您吗
1,献血会不会感染上疾病,在献血车上献血会感染上疾病吗
1,献血能降血脂,献血可以降血脂吗
1,为什么纹身、打耳洞一年内不能献血,打完耳洞可以献血吗
1,输注少白细胞红细胞的临床意义有哪些,输注少白细胞红细胞的临床意义有哪些
0,捐献造血干细胞影响身体健康吗,捐献成分血会不会感染疾病
0,血液的颜色是什么,血液的主要组成成分有哪些
0,HLA与器官移植有什么关系,《献血法》对医疗机构临床用血有什么规定
1,为什么血压不合格不能献血,低血压为什么不能献血
0,急性等容稀释式自身输血（ANH）要注意哪些问题,血站对采集的血液要做怎样的处理
0,为什么要推行机采成分血,为什么在献血登记前要求填写健康征询表
1,哪些情况需要输血,什么情况需要输血
0,捐献者需要承担什么费用吗,献血会不会感染上疾病
1,输过血的人，为什么要1年后才能献血,输过血的人，为什么要1年后才能献血
0,献血是不是应该有偿,献血可以减肥吗
0,献血影响健康吗,献血后血液多长时间能恢复
1,餐后献血会大大减少献血反应吗,餐后献血将会降低献血反应
0,献血后如何按压针眼,人体造血的原料是什么
0,输注红细胞时应该注意什么,献血会导致身体发胖吗
1,献血会不会感染上疾病,献血后会不会的传染病
0,为什么无偿献血，但输血却要收费,献血影响健康吗
1,献血可以减肥吗,献血后体重会不会改变
1,献血被拒绝，您知道为什么吗,献血被拒绝，您知道为什么吗
0,父母的血型与子女的血型有什么关系,为什么献血检测结果与医院检验结果不一样
0,血液的主要功能有哪些,哪些情况需要输血
0,为什么不提倡近亲输血,血液的主要组成成分有哪些
1,不同血型的人可以互相输血吗,不同血型的人可以互相输血吗
1,母婴哪些血型会发生新生儿溶血症,母婴哪些血型会发生新生儿溶血症
1,献血能喝咖啡吗,献血能喝咖啡吗
0,凝血过程中需要钙离子吗,为什么45-55岁的健康者不再接受采集造血干细胞登记
0,O型全血是万能血吗,献血前是吃饱了去，还是空腹呢
1,献血前不能吃豆浆牛奶鸡蛋咸菜，这些“经验”是怎么来的,献血前不能吃豆浆牛奶鸡蛋咸菜，这些“经验”是怎么来的
0,如何评价血小板减少性紫癜的疗效,血型与器官移植有关吗
0,为什么献血时要携带有效身份证件,捐机采成分血和捐献全血有区别吗
0,是谁第一个将人血输给人的,捐机采成分血对身体有什么影响吗
1,输过血的人可以献血吗,身体不适可以献血吗
1,输血与血型之间的关系是什么,输血跟血型有啥关联
0,血液检验报告单上的“两对半”啥意思,献血被拒绝，您知道为什么吗
1,为什么不提倡近亲输血,为啥亲人间不能输血
1,血型能变吗,血型会变吗
0,为什么血压不合格不能献血,人体内有哪些造血器官
1,献血后如何按压针眼,献血后，如何有效的按压针眼
0,蹲下再站起来会头晕或眼前一片黑可以献血吗,献血是不是应该有偿
0,为什么少数人会发生献血反应,献血要经过哪些步骤
1,献血前应该喝糖水还是盐水,献血前应该喝糖水还是盐水
0,人体哪些器官有贮血功能,血型是怎样遗传的
0,正常情况下心血管内的血液为什么不发生凝固,献血中出现低血糖性昏厥该如何处理
1,人的血管能有多长,人的血管长度是多少
1,让职工上班时间献血，单位的损失不是太大了吗,组织职工上班时间献血，单位的损失是不是太大了
1,献血后为什么手臂会出现淤血,献血后为什么手臂会出现一大片瘀青
0,捐献全血的流程包括什么,血型可以人为改变吗
0,体内HIV可完全清除,献血会不会感染上疾病
1,月经期间为何不能献血,月经期间为何不能献血
1,捐献血小板有哪些激励政策,捐献血小板有哪些激励政策
0,还有什么血型系统与输血关系很大,想献血但勇气不够怎么办
1,平常还要体育锻炼怎么办,献完血可以锻炼吗
0,捐献成分血会不会感染疾病,捐血的时候容易被传染疾病吗
1,正常人献血200~400毫升后在饮食上应注意什么,献血者献血后需要在饮食上注意什么
0,输血浆也需要血型相同吗,怎样处理单采血小板献血者偶发的缺钙症状
0,交叉配血是怎么回事,捐献成分血会不会感染疾病
1,献血时紧张怎么办,献血时紧张怎么办
0,高脂血患者平时怎么吃,献血被拒绝，您知道为什么吗
0,熊猫血会遗传吗 熊猫血怎么遗传,献血能降血脂
0,采集造血干细胞的方法是怎样的,无偿献血者应受到哪些奖励
0,哪一年ABO血型系统正式命名的,一年献一次献血量算多吗
0,三种输血方式_哪种适合您,人体造血的原料是什么
0,《献血法》鼓励哪些人率先参加献血,HIV(人类免疫缺陷病毒抗体)的检测意义是什么
0,《献血法》对医疗机构临床用血有什么规定,为什么血压不合格不能献血
1,最近生过病怎么办,生病了能献血吗
1,献血后饮食如何调理,献血后吃什么好
1,体内HIV可完全清除,体内的hiv是如何完全清除的
0,献血后补充哪种食物才能快速恢复元气,为什么献血使用的针头比一般的粗
1,O型血是万能血吗？哪种血型最有用,O型血是万能血吗？哪种血型最有用
1,为什么献完血要按压针眼及上方5—10分钟,献血完为啥要按压5分钟
0,HLA与输血有什么关系,身体里有多余的血吗
1,爱喝酒的人血液里的酒精会不会太多,经常喝酒的人血液里酒精更多吗
0,献血前连豆浆也不能喝,人的血型会改变吗
0,Rh（－）属稀有血型吗,为什么无偿献血，但输血却要收费
0,献血会导致身体发胖吗,为什么献血时要携带有效身份证件
0,贫血到什么程度需输血,你的血型暗藏什么致命疾病
1,是谁第一个将人血输给人的,是谁第一个将人血输给人的
0,血小板的“神奇功效”，您知道几个,你接种的新冠病毒疫苗是哪种？间隔多久能献血？一文告诉你
1,献血后身体会发胖吗,献血后身体会发胖吗
1,目前临床输血进展如何,临床输血最新进展
1,捐献后的血液需要低温保存吗,捐献的血液是如何保存的
0,为什么无偿献血，但输血却要收费,献血会传染疾病吗
0,为什么鼓励一次献血400毫升,感冒是否可以献血
0,为什么推行捐献采成分血,母婴哪些血型会发生新生儿溶血症
1,为什么直系亲属间输血并不安全,为什么直系亲属间输血比较危险
1,是不是献了一次血后，就必须不停地献血,是不是献了一次血后，就需要定期献血
0,“中国造血干细胞捐献者资料库”的哪些工作是与国际先进水平接轨的,献血前连豆浆也不能喝
1,你的血型暗藏什么致命疾病,血型和相关易发疾病有哪些
0,人体内有哪些造血器官,输血不畅如何处理
1,RhD阴性患者如何输注血小板,RhD阴性患者如何输注血小板
0,蹲下再站起来会头晕或眼前一片黑可以献血吗,在采集造血干细胞前为什么要对捐献者使用造血干细胞动员
0,国家制定《献血法》的目的是什么,输过血的人可以献血吗
1,凝血过程中需要钙离子吗,钙离子在凝血过程中的作用
1,献血后为防止针眼感染一般多少天内不要沾水,献血后，针眼多少天愈合
1,是谁第一个将人血输给人的,第一例人与人之间输血成功的创始者是谁
0,血站对采集的血液要做怎样的处理,输血与血型之间的关系是什么
0,人体血容量究竟是怎么算出来的,已经献过血了，可以不献了吧
0,想献血但勇气不够怎么办,献血影响健康吗
0,国家有关无偿献血的表彰及献血者的权利有哪些,为什么血压不合格不能献血
1,你接种的新冠病毒疫苗是哪种？间隔多久能献血？一文告诉你,接种灭火新冠病毒疫苗后能献血
0,什么是不规则抗体,献血时紧张怎么办
0,抗凝剂是如何抗凝的,如何计算每袋全血的重量
0,HLA与器官移植有什么关系,为什么献血需核对身份证
0,献血后会贫血吗,我国公民参加献血的年龄规定是多少
0,献血后血液多长时间能恢复,为什么不能输脂肪血
0,血压是怎样形成的,害怕针怎么办
1,捐献造血干细胞影响身体健康吗,捐献造血干细胞安全吗
0,我很怕痛，献血会痛吗,如何预防献血中出现低血糖性昏厥
1,采血方式有哪几种,采血方式有哪几种
0,贮存式自身输血要注意哪些问题,为什么直系亲属之间不宜相互献血
1,献血前连豆浆也不能喝,献血前可以喝豆浆吗
1,为什么直系亲属之间不宜相互献血,直系亲属间可以献血吗
0,ABO血型鉴定的原理是什么,献血后为防止针眼感染一般多少天内不要沾水
1,为什么说全血并不全,全血是啥
1,献血可能会导致“贫血”吗,无偿献血会引起贫血吗
0,献血后怎样查询血液检测结果,每次献血献少点好吗
0,我国公民参加献血的年龄规定是多少,空腹献血者为什么偶尔可出现低血糖性昏厥
1,平时我要体力劳动怎么办,平时我要体力劳动怎么办
0,献血后，教你如何正确补血,HIV(人类免疫缺陷病毒抗体)的检测意义是什么
1,献血丢失的血液需要多久能恢复_需要“静养”、“进补”吗,献血丢失的血液需要多久能恢复_需要“静养”、“进补”吗
0,血小板是否必须同型输注,为什么血液的颜色有差别
1,血液的颜色是什么,血液的颜色是什么
0,公民献血应遵守哪些规定,"我献出的血液,采供血机构会如何处理"
0,流动献血车属于哪个医院的,想献血但勇气不够怎么办
0,平时我要体力劳动怎么办,为什么不能输脂肪血
1,输血不畅如何处理,输血不畅如何处理
1,血液流速与哪些因素有关,血液流的好慢， 为什么
1,公民献血应遵守哪些规定,献血需要遵守什么规定
0,捐献者需要承担什么费用吗,Rh阴性为何如此“稀有”
0,为什么少数人会发生献血反应,为什么要保管好《无偿献血证》
0,宝宝的性格遗传谁多一些呢,不同血型的人可以互相输血吗
0,出现意外伤害时献血也不迟吧,献血后多长时间才能参加运动
0,献全血好还是血小板好？献血的10个小纠结，一次解决,“中国造血干细胞捐献者资料库”的哪些工作是与国际先进水平接轨的
0,秋冬季献血应注意什么,怎样处理单采血小板献血者偶发的缺钙症状
0,为什么需要献血,一年献一次献血量算多吗
0,捐机采成分血对身体有什么影响吗,人体内血液总量是多少
0,血液是否有有效期,想献血但勇气不够怎么办
1,公民如何参加献血,公民如何参加献血
0,B型血者如何真正快乐起来,献血后补充哪种食物才能快速恢复元气
1,血液为什么是咸的,血液为什么是咸的
0,捐献造血干细胞对健康有影响吗,献血能降血脂
0,为什么要控制采血的“量”,捐血的时候容易被传染疾病吗
1,献血会不会感染上疾病,献血安全吗？会不会感染疾病
0,为什么有的人献血后会头晕,选择什么样的血管采血
0,护士对安全输血起什么作用,献血前你想好了么
1,献血前是吃饱了去，还是空腹呢,献血需要空腹吗
1,血型和性格有关吗,血型和性格有联系吗
1,捐献成分血会不会感染疾病,献成分血感染疾病的可能性大吗
0,是否献一次血后必须不断的献血,献血前连豆浆也不能喝
0,Rh阴性患者如何输血,为什么血液中心的检测结果不能作为疾病诊断最终结果
1,血型是怎样遗传的,血型是怎样遗传的
0,为什么献血前有的人心里感到紧张,我献出的血液，采供血机构会如何处理
0,贮存式自身输血的临床应用哪些,人体内血液总量是多少
0,最近生过病怎么办,献血能喝咖啡吗
0,献血会影响体力吗,血型是怎样遗传的
0,献血前你想好了么,为什么艾滋病病毒抗体（HIV抗体）阳性不能献血
1,秋冬季献血应注意什么,秋冬季献血注意事项有哪些
0,输注少白细胞红细胞的临床意义有哪些,为什么临床输血常用枸橼酸盐作抗凝剂
0,O型全血是万能血吗,为什么要控制采血的“量”
0,为什么无偿献血，但输血却要收费,献血会影响体力吗
0,献血的8种好处，您知道多少,Rh阴性患者如何输血
0,RhD阴性患者如何输注血小板,献血前是吃饱了去，还是空腹呢
0,血液的颜色是什么,Rh血型是如何遗传的
1,白细胞膜上的抗原可分为几类,人类白细胞膜上都有哪几类抗原
1,为什么献血使用的针头比一般的粗,献血的针头大吗
1,如何预防输血相关移植物抗宿主病（TA-GVHD）,如何预防输血相关移植物抗宿主病（TA-GVHD）
0,血液可以买卖么?如买卖血液会受到何种处罚,血型能变吗
0,为什么血液的颜色有差别,血液检验报告单上的“两对半”啥意思
0,白细胞是怎样排除异己的,献血中出现低血糖性昏厥该如何处理
0,常见血液制品有哪些临床用途,出现意外伤害时献血也不迟吧
1,想献血但勇气不够怎么办,想献血但是害怕怎么办
0,献血后血液多长时间能恢复,《献血法》对医疗机构临床用血有什么规定
0,血型与器官移植有关吗,为什么血液的颜色有差别
0,想献血但勇气不够怎么办,让职工上班时间献血，单位的损失不是太大了吗
0,全血为什么需要在4±2℃保存,捐献血小板有哪些激励政策
0,为什么血压不合格不能献血,献血影响健康吗
1,《中华人民共和国献血法》是何时通过、何时实施的,献血法什么时候实施的
0,"我献出的血液,采供血机构会如何处理",让职工上班时间献血，单位的损失不是太大了吗
1,献血后如何保护针眼,你知道献血后该如何保护针眼吗
0,公民如何参加献血,捐机采成分血对身体有什么影响吗
0,血液流速与什么因素有关,献血前是吃饱了去，还是空腹呢
0,亲属间输血安全吗,献血后如何按压针眼
0,贫血到什么程度需输血,人体哪些器官有贮血功能
1,献血后为防止针眼感染一般多少天内不要沾水,献血后，针眼多久闭合
0,献血前不能吃豆浆牛奶鸡蛋咸菜，这些“经验”是怎么来的,让职工上班时间献血，单位的损失不是太大了吗
0,第VIII因子浓缩剂与冷沉淀在适应症方面有什么区别,高度近视者为何不能献血
0,献血者有哪些权利应受保护,献血能喝咖啡吗
1,为什么“受血者”要在受血五年后再献血,输血有何要求
0,新冠肺炎疫情常态化防控怎么做,熊猫血会遗传吗 熊猫血怎么遗传
0,捐献者需要承担什么费用吗,交叉配血是怎么回事
0,血液可以买卖么?如买卖血液会受到何种处罚,献血前连豆浆也不能喝
1,让职工上班时间献血，单位的损失不是太大了吗,让职工上班时间献血，单位的损失大吗
0,交叉配血是怎么回事,为什么血压不合格不能献血
0,输血可以引起哪些疾病,献血能降血脂
0,为什么无偿献血，但输血却要收费,用于亲子鉴定的有哪几种血型系统
0,我献出的血液，采供血机构会如何处理,为什么采血时塑料采血袋在不停地摆动
0,捐献成分血会不会感染疾病,为什么“受血者”要在受血五年后再献血
0,什么是血液的比重,红细胞在4度条件下为什么不能永久保存
0,我害怕献血怎么办,输血浆也需要血型相同吗
1,献血会导致身体发胖吗,献血回使人发胖吗
0,哪一年ABO血型系统正式命名的,O型全血是万能血吗
0,感冒是否可以献血,捐机采成分血和捐献全血有区别吗
0,献血安全吗,如何评价血小板减少性紫癜的疗效
0,献血后血液多久可以恢复,输血可以引起哪些疾病
0,如果贫血怎么还可以献血吧,血小板的“神奇功效”，您知道几个
0,什么是不规则抗体,为什么需要献血
0,输血浆也需要血型相同吗,输血是治疗贫血最有效的方法吗
0,献血要经过哪些步骤,你接种的新冠病毒疫苗是哪种？间隔多久能献血？一文告诉你
0,输注少白细胞红细胞的临床意义有哪些,目前临床输血进展如何
1,血型能变吗,血型长大后会变化吗
0,空腹献血者为什么偶尔可出现低血糖性昏厥,输血是 越“新鲜”越好吗
0,输血与血型之间的关系是什么,献血后补充哪种食物才能快速恢复元气
0,血型与器官移植有关吗,献血可以减肥吗
0,哪些人不适合献血,Rh阴性患者是否只能使用Rh阴性血
0,Rh阴性为何如此“稀有”,捐机采成分血对身体有什么影响吗
1,献血能喝咖啡吗,喝完咖啡能献血吗
0,为什么献血时要携带有效身份证件,为什么45-55岁的健康者不再接受采集造血干细胞登记
0,为什么血压不合格不能献血,输过血的人，为什么要1年后才能献血
0,想献血但勇气不够怎么办,高度近视者为何不能献血
1,滤除血液中白细胞的时机有什么意义,滤除血液中白细胞的时机有什么意义
1,国际社会公认的“无偿献血者”的概念是什么,无偿献血者概念是什么
1,打疫苗对献血有何影响,打疫苗对献血有何影响
0,献血后，教你如何正确补血,为什么献血需核对身份证
0,人体内血液总量是多少,血液流速与什么因素有关
0,Rh是如何遗传的,献血会影响体力吗
1,捐献全血的流程包括什么,捐献全血的流程包括什么
1,献血前应做哪些准备,献血前需要做什么准备工作
0,献血前连豆浆也不能喝,蹲下再站起来会头晕或眼前一片黑可以献血吗
0,体内HIV可完全清除,夏季献血，那些你不知道的事
1,为什么无偿献血，但输血却要收费,都说无偿献血，为什么输血要收费
0,用于亲子鉴定的有哪几种血型系统,献血的8种好处，您知道多少
0,平常还要体育锻炼怎么办,哪一年ABO血型系统正式命名的
1,献血后多长时间才能参加运动,献血后多久才能恢复锻炼
0,全血有什么功能,为什么“受血者”要在受血五年后再献血
1,用于亲子鉴定的有哪几种血型系统,亲子鉴定与哪几种血型系统有关系
1,献血前是吃饱了去，还是空腹呢,献血是否应该空腹
0,献血能喝咖啡吗,输血时若遇含有冷凝集素的血时怎么办
0,如何知道自己已成为捐献造血干细胞志愿者,有血液恐惧症怎么办
0,你接种的新冠病毒疫苗是哪种？间隔多久能献血？一文告诉你,O型全血是万能血吗
0,健康者在多大年龄适合捐献造血干细胞_标准如何,为什么45-55岁的健康者不再接受采集造血干细胞登记
0,采血方式有哪几种,我国公民参加献血的年龄规定是多少
1,人失血多少会有生命危险,人失血多少会有生命危险
0,既然提倡成分输血，那我献的全血去哪了,公民献血后，采供血机构应发给献血者什么凭证
0,献血后该如何止血,在采集造血干细胞前为什么要对捐献者使用造血干细胞动员
0,采血时血液流速会影响血液质量吗,熊猫血会遗传吗 熊猫血怎么遗传
0,为什么血液中心的检测结果不能作为疾病诊断最终结果,血型能改变吗
0,献血后为防止针眼感染一般多少天内不要沾水,献血后多长时间才能参加运动
0,公民如何参加献血,什么情况下输血才需要加温
0,血压是怎样形成的,献血后血液多长时间能恢复
0,献血影响健康吗,我很怕痛，献血会痛吗
0,造血干细胞移植可治疗哪些疾病,输血能成为埃博拉病毒感染者的新希望吗
1,对非法采供血者的处罚有哪些,非法采供血有什么惩罚
0,还有什么血型系统与输血关系很大,不知道献血码怎么查询献血记录
1,有血液恐惧症怎么办,得了血液恐惧症怎么办
0,献血是不是应该有偿,献血前是吃饱了去，还是空腹呢
0,爱喝酒的人血液里的酒精会不会太多,捐机采成分血对身体有什么影响吗
1,输过血的人可以献血吗,我输过血，还能献血吗
0,献血前应做哪些准备,献血对身体有害吗
0,血液，需多长时间能恢复原来水平,捐献造血干细胞影响身体健康吗
0,机采成分血对身体有什么影响吗,为什么少数人会发生献血反应
1,如何预防献血中出现低血糖性昏厥,如何避免低血糖抽血晕倒
1,有的人为什么见血会晕倒,有的人为什么见血会晕倒
0,红细胞在4度条件下为什么不能永久保存,还有什么血型系统与输血关系很大
0,为什么少数人会发生献血反应,B型血者如何真正快乐起来
0,HLA与器官移植有什么关系,献血会不会感染上疾病
1,献血后要进补吗,献血后，要怎样通过饮食适当进补
0,Rh（－）者输血供应有保障吗,献血可以减肥吗
1,“中国造血干细胞捐献者资料库”的哪些工作是与国际先进水平接轨的,“中国造血干细胞捐献者资料库”的工作与国际先进水平接轨的是哪些
1,为什么献血针眼处有时会淤青,为什么献血针眼处有时会淤青
1,血型能改变吗,可以改变血型吗
0,怎样处理单采血小板献血者偶发的缺钙症状,对非法采供血者的处罚有哪些
0,献血前连豆浆也不能喝,Rh是如何遗传的
0,怎样处理单采血小板献血者偶发的缺钙症状,A型血易感新冠肺炎
0,孕妈妈为什么要了解自己的血型呢,机采成分血对身体有什么影响吗
1,什么人可以参加献血,什么人可以参加献血
1,Rh（－）者如何自我保护,Rh（－）者如何自我保护
0,我国公民参加献血的年龄规定是多少,为什么直系亲属之间不能相互献血
0,体内HIV可完全清除,为什么无偿献血，但输血却要收费
0,输血是治疗贫血最有效的方法吗,空腹献血者为什么偶尔可出现低血糖性昏厥
1,ABO血型鉴定的原理是什么,血型鉴定原理
1,捐献者需要承担什么费用吗,献血者需要承担费用吗
0,人的血管能有多长,为什么艾滋病病毒抗体（HIV抗体）阳性不能献血
0,献血是不是应该有偿,捐献造血干细胞有报酬吗
0,交叉配血是怎么回事,蹲下再站起来会头晕或眼前一片黑可以献血吗
0,为什么不提倡近亲输血,红细胞在4度条件下为什么不能永久保存
0,血型可以人为改变吗,献血会不会感染上疾病
0,血液有代用品吗,献血为何要补充水份
0,如果贫血怎么还可以献血吧,人体内血液总量是多少
1,选择什么样的血管采血,什么样的血管适合献血
1,为什么献血使用的针头比一般的粗,献血的针管有多粗
1,血液，需多长时间能恢复原来水平,血液，需多长时间能恢复原来水平
1,志愿者报名登记后，是否马上就要捐献造血干细胞,志愿者报名登记后要立即捐献造血干细胞吗
0,“萌萌哒”血小板为啥那么小,献血影响健康吗
0,献血后检测不合格是否就表示献血者患有疾病,辐照红细胞的适应症有哪些
1,护士对安全输血起什么作用,护士对安全输血起什么作用
0,献血会导致身体发胖吗,为什么献血时要携带有效身份证件
0,什么情况下输血才需要加温,每次献血献少点好吗？献血200毫升与400毫升哪个更有益
0,献血前不能吃豆浆牛奶鸡蛋咸菜，这些“经验”是怎么来的,如何决定输血量
1,为什么要保管好《无偿献血证》,《无偿献血证》的重要作用
1,Rh（－）者输血供应有保障吗,Rh（－）者输血供应有保障吗
1,献血中出现低血糖性昏厥该如何处理,献血中出现低血糖性昏厥该如何处理
1,献血可能会导致“贫血”吗,献血后会引起贫血吗
1,为什么无偿献血，但输血却要收费,为何无偿献血却要有偿用血
0,什么是不规则抗体,为什么要捐献者本人填写同意书和捐献者登记表
0,献血后补充哪种食物才能快速恢复元气,外科输血如何进行
0,为什么要保管好《无偿献血证》,为什么少数人会发生献血反应
0,捐机采成分血对身体有什么影响吗,捐献成分血会不会感染疾病
1,HLA与输血有什么关系,HLA与输血有什么关系
0,不知道献血码怎么查询献血记录,母体与胎儿血相同吗
1,献血后多久可以喝酒,献血后多长时间可以喝酒
0,全血为什么需要在4±2℃保存,为什么血压不合格不能献血
0,银屑病患者可以献血吗,对非法采供血者的处罚有哪些
1,捐献造血干细胞对健康有影响吗,捐献造血干细胞可能影响健康吗
0,献血可以减肥吗,血小板的“神奇功效”，您知道几个
0,输血是 越“新鲜”越好吗,血液的颜色是什么
1,为什么直系亲属之间不能相互献血,直系亲属间为什么不能献血
1,感冒是否可以献血,感冒是否可以献血
1,父亲给儿子输血？危险！,父亲给儿子输血？危险！
0,为什么在献血登记前要求填写健康征询表,交叉配血是怎么回事
1,献血可能会导致“贫血”吗,献血会造成贫血吗
0,献血前你想好了么,女性献血者生理期间能否献血
1,为什么需要不同的血液成分,为什么需要不同的血液成分
0,既然是无偿献血，用血时为什么要收费,我的血为什么不能输给他
0,如何决定输血速度,护士对安全输血起什么作用
0,输血可以引起哪些疾病,第VIII因子浓缩剂与冷沉淀在适应症方面有什么区别
1,为什么临床输血常用枸橼酸盐作抗凝剂,临床输血常用枸橼酸盐作抗凝剂原因是什么
0,选择什么样的血管采血,夏季献血，那些你不知道的事
0,献血后饮食如何调理,常见血液制品有哪些临床用途
0,为什么少数人会发生献血反应,O型血是万能血吗？哪种血型最有用
0,RhD阴性患者如何输注血小板,为什么血压不合格不能献血
1,贮存式自身输血要注意哪些问题,贮存式自身输血有何注意事项
0,采血方式有哪几种,国家有关无偿献血的表彰及献血者的权利有哪些
1,人体造血的原料是什么,人体是什么造血的
1,输血与血型之间的关系是什么,输血对血型有什么要求
0,大姨妈来了为什么不能献血,你的血型暗藏什么致命疾病
0,血站对采集的血液要做怎样的处理,血液流速与什么因素有关
0,捐献造血干细胞影响身体健康吗,为什么吸毒者被列为献血高危人群
0,你给血管洗澡了吗,什么情况下输血才需要加温
1,如何决定输血速度,如何决定输血速度
0,血液流出体外为什么会凝固,我自己都贫血了，怎能献血呢
0,为什么献血需核对身份证,人的血管能有多长
1,我为什么不能献血,我为什么不能献血
0,选择什么样的血管采血,为什么鼓励一次献血400毫升
1,为什么有的人献血后会头晕,为什么有的人献血后会头晕
1,不同血型的人可以互相输血吗,不同血型的人可以相互输血吗
1,每次献血献少点好吗？献血200毫升与400毫升哪个更有益,每次献血献少点好吗？献血200毫升与400毫升哪个更有益
0,熊猫血会遗传吗 熊猫血怎么遗传,献血后多长时间才能参加运动
0,美国红十字会采供血机构如何做献血后告知与咨询,为什么要保管好《无偿献血证》
1,献血会传染疾病吗,献血有感染传染病吗
0,捐献全血的流程包括什么,捐献后的血液需要低温保存吗
0,Rh是如何遗传的,Rh阴性患者是否只能使用Rh阴性血
0,夏天献血可以喝盐分饮料吗,血压与献血有什么关系
0,为什么献完血要按压针眼及上方5—10分钟,ABO血型鉴定的原理是什么
1,捐献单采血小板的程序是怎样的,捐献单采血小板的程序是怎样的
0,高度近视者为何不能献血,献血后多久可以喝酒
0,献血后怎样查询血液检测结果,国家制定《献血法》的目的是什么
1,每次献血献少点好吗？献血200毫升与400毫升哪个更有益,无偿献血，一次200毫升还是400毫升
1,我自己都贫血了，怎能献血呢,我自己都贫血了，怎能献血呢
1,为什么要保管好《无偿献血证》,为什么要保管好《无偿献血证》
1,常见血液制品有哪些临床用途,常见血液制品有哪些临床用途
1,如何决定输血速度,输血速度由什么决定
0,打疫苗对献血有何影响,想献血但勇气不够怎么办
0,你接种的新冠病毒疫苗是哪种？间隔多久能献血？一文告诉你,Rh血型是如何遗传的
1,O血型人容易生哪些病,O血型人容易生哪些病
1,红细胞是怎样携带氧气的,红细胞和氧气的关系时什么
0,为什么纹身、打耳洞一年内不能献血,如何预防献血中出现低血糖性昏厥
1,已经献过血了，可以不献了吧,已经献过血了，可以不献了吧
1,《中华人民共和国献血法》是何时通过、何时实施的,《中华人民共和国献血法》是何时通过、何时实施的
0,为什么献血针眼处有时会淤青,临床医生应怎样对待输血
0,O型全血是万能血吗,我国公民参加献血的年龄规定是多少
0,我国公民参加献血的年龄规定是多少,正常人献血200~400毫升后在饮食上应注意什么
1,出现意外伤害时献血也不迟吧,发生意外再去献血会晚吗
1,夏季献血，那些你不知道的事,夏季献血注意事项
0,白细胞有血型吗,红细胞为什么有时候需要冻存
0,献血能降血脂,患者因严重冷凝集素而引起配血困难怎么办
0,高度近视者为何不能献血,献血会不会上瘾
0,怎样成为一名捐献造血干细胞志愿者,高脂血患者平时怎么吃
0,献血的8种好处，您知道多少,是不是献了一次血后，就必须不停地献血
1,为什么要捐献者本人填写同意书和捐献者登记表,为什么要捐献者本人填写同意书和捐献者登记表
0,我的血如果不好怎么办,输注红细胞时应该注意什么
0,我很怕痛，献血会痛吗,O型全血是万能血吗
0,A型血易感新冠肺炎,一年献一次献血量算多吗
0,血液检验报告单上的“两对半”啥意思,体育锻炼热衷者能参加献血吗
1,抗凝剂是如何抗凝的,抗凝剂是怎么起作用的
1,献血后血液多长时间能恢复,献血会，血液多久才能恢复
1,献血后如何保护针眼,献血后应该怎么保护针眼
1,Rh阴性患者如何输血,Rh阴性患者如何输血
0,血液流速与什么因素有关,胎儿也有血型吗
1,输血时若遇含有冷凝集素的血时怎么办,输血时若遇含有冷凝集素的血时怎么处理
1,AB血型的人怎样选择美食,AB血型饮食注意事项
1,捐机采成分血对身体有什么影响吗,为什么提倡成分献血
0,献血后血液多长时间能恢复,血型能变吗
0,高度近视者为何不能献血,抗凝剂是如何抗凝的
1,哪一年ABO血型系统正式命名的,ABO血型系统正式命名的年份
0,怎样成为一名捐献造血干细胞志愿者,捐献成分血会不会感染疾病
1,富血小板的血浆治疗确实有效吗,富血小板的血浆治疗确实有效吗
0,一名健康的公民一生可以献多少血,贮存式自身输血要注意哪些问题
0,想献血但勇气不够怎么办,蹲下再站起来会头晕或眼前一片黑可以献血吗
0,你接种的新冠病毒疫苗是哪种？间隔多久能献血？一文告诉你,怎样配合医生进行输血
0,感冒是否可以献血,我献出的血液，采供血机构会不会拿去卖掉呢
0,想献血但勇气不够怎么办,按压针眼的三大忌
1,熊猫血会遗传吗 熊猫血怎么遗传,熊猫血会遗传吗以及遗传规律
0,献血会不会上瘾,O型全血是万能血吗
0,出现意外伤害时献血也不迟吧,输血可以引起哪些疾病
0,捐献单采血小板的程序是怎样的,输过血的人可以献血吗
0,我很怕痛，献血会痛吗,采血时血液流速会影响血液质量吗
0,银屑病患者可以献血吗,公民献血后，采供血机构应发给献血者什么凭证
0,为什么血压不合格不能献血,一名健康的公民一生可以捐献多少全血
1,献血会导致身体发胖吗,献血会导致身体发胖吗
1,哪些人符合献血的条件,献血有哪些条件
0,捐献成分血会不会感染疾病,输血可以引起哪些疾病
0,为什么只有你献完血手臂上有淤青,为什么还要填写捐献者的两位不同住址的亲属或朋友的姓名和联系方式
1,还有什么血型系统与输血关系很大,什么血型系统与输血关系很大
1,血液的主要功能有哪些,血液有何功能
0,如何计算每袋全血的重量,国际社会公认的“无偿献血者”的概念是什么
1,报名后是否可以随时改变捐献造血干细胞的决定,后悔报名捐献造血干细胞，是否可以随时取消
0,输过血的人可以献血吗,是否献一次血后必须不断的献血
0,血液的用途有哪些,抗凝剂是如何抗凝的
1,为什么鼓励一次献血400毫升,为什么献血人员鼓励献血者一次献血400毫升
1,捐机采成分血对身体有什么影响吗,为什么需要成分献血
0,人体血容量究竟是怎么算出来的,每次献血献少点好吗？献血200毫升与400毫升哪个更有益
0,输注少白细胞红细胞的临床意义有哪些,一名健康的公民一生可以捐献多少全血
0,献血后如何按压针眼,孕妇为什么要做血型鉴定
1,是谁第一个发现了血型,是谁第一个发现了血型
1,献血的8种好处，您知道多少,献血的8种好处，您知道多少
0,为什么血压不合格不能献血,献血后要进补吗
0,晕血？原来是血管迷走神经的过度反应,是谁第一个将人血输给人的
1,机采血浆是如何操作的,集采血浆是怎么弄得
1,HIV(人类免疫缺陷病毒抗体)的检测意义是什么,HIV检测意义是什么
1,人体内的血液总量有多少,人体有多少血
1,输血能成为埃博拉病毒感染者的新希望吗,输血能成为埃博拉病毒感染者的新希望吗
1,人的血管能有多长,人的血管能有多长
0,为什么采血时塑料采血袋在不停地摆动,血液可以买卖么?如买卖血液会受到何种处罚
1,空腹献血者为什么偶尔可出现低血糖性昏厥,空腹献血者为什么偶尔可出现眩晕
0,血小板是否必须同型输注,血型能改变吗
0,人体急需血液时，自身哪些器官可以供血,献血后血液多长时间能恢复
1,怎样配合医生进行输血,输血注意事项
0,献血能喝咖啡吗,红细胞是怎样携带氧气的
0,血型和性格有关吗,白细胞膜上的抗原可分为几类
1,为什么献血时要携带有效身份证件,无偿献血为什么要出示有效证件
1,捐献者需要承担什么费用吗,捐献者需要承担什么费用吗
0,血液的用途有哪些,捐献成分血会不会感染疾病
0,献血后如何保护针眼,血小板为什么会输注无效
0,血小板是怎样止血的,不知道献血码怎么查询献血记录
0,输血是治疗贫血最有效的方法吗,夏季献血，那些你不知道的事
0,如果贫血怎么还可以献血吧,血液的主要组成成分有哪些
1,人体内的血液总量有多少,人体内的血液总量有多少
1,护士对安全输血起什么作用,护理人员在安全输血中的作用
0,捐献血小板有哪些激励政策,餐后献血会大大减少献血反应吗
0,为什么无偿献血，但输血却要收费,血液流速与什么因素有关
1,蹲下再站起来会头晕或眼前一片黑可以献血吗,蹲下再站起来会头晕或眼前一片黑可以献血吗
0,血压是怎样形成的,为什么献血前有的人心里感到紧张
0,体内HIV可完全清除,献血能降血脂
1,哪些人符合献血的条件,什么样的人适合符合献血条件
0,人的血管能有多长,为什么不能输脂肪血
1,输过血的人，为什么要1年后才能献血,献血为什么要间隔一年
0,目前临床输血进展如何,献血后要进补吗
0,怎样正确自己测血压,血液的颜色是什么
0,采血量不足的血液为何不能输注给患者,交叉配血是怎么回事
1,血液流速与什么因素有关,血液在人体的流动和什么有关系
0,护士对安全输血起什么作用,血液，需多长时间能恢复原来水平
1,献全血好还是血小板好？献血的10个小纠结，一次解决,捐献全血还是血小板好
0,O型血是万能血吗？哪种血型最有用,采血量不足的血液为何不能输注给患者
0,你接种的新冠病毒疫苗是哪种？间隔多久能献血？一文告诉你,献血后血液多长时间能恢复
1,献血中出现低血糖性昏厥该如何处理,献血后低血糖晕倒的处理办法是什么
0,最近生过病怎么办,捐机采成分血和捐献全血有区别吗
0,为什么纹身、打耳洞一年内不能献血,血液，需多长时间能恢复原来水平
1,既然提倡成分输血，那我献的全血去哪了,既然提倡成分输血，那我献的全血去哪了
1,你给血管洗澡了吗,如何保护血管
0,捐献造血干细胞你了解多少,AB血型的人怎样选择美食
0,献血可能会导致“贫血”吗,O型全血是万能血吗
0,贮存式自身输血的临床应用哪些,让职工上班时间献血，单位的损失不是太大了吗
1,献血是不是应该有偿,有偿献血还有吗
1,为什么推行捐献采成分血,听说献成分血，可以救助更多的人
1,献血会不会感染上疾病,献血会不会感染其他病
0,Rh（－）者如何自我保护,让职工上班时间献血，单位的损失不是太大了吗
0,献血会不会上瘾,为什么采血时塑料采血袋在不停地摆动
0,如果贫血怎么还可以献血吧,交叉配血是怎么回事
0,最近生过病怎么办,空腹献血者为什么偶尔可出现低血糖性昏厥
1,国际社会公认的“无偿献血者”的概念是什么,国际社会公认的“无偿献血者”的概念是什么
0,献血后如何按压针眼,我国公民参加献血的年龄规定是多少
0,输血能成为埃博拉病毒感染者的新希望吗,捐血的时候容易被传染疾病吗
0,护士对安全输血起什么作用,献血后饮食如何调理
0,人体哪些器官有贮血功能,献血后如何按压针眼
0,为什么需要献血,献血对身体有害吗
0,血型是怎样遗传的,为什么纹身、打耳洞一年内不能献血
1,哪些原因会引起血小板输注无效,哪些原因会引起血小板输注无效
0,什么情况下输血才需要加温,体内HIV可完全清除
0,献血可能会导致“贫血”吗,捐献成分血会不会感染疾病
0,捐机采成分血和捐献全血有区别吗,为什么直系亲属之间不宜相互献血
0,是谁第一个发现了血型,献血后如何保护针眼
0,献血可能会导致“贫血”吗,捐献者需要承担什么费用吗
0,如何计算每袋全血的重量,血液流出体外为什么会凝固
1,为什么要实行无偿献血制度,我国为什么要实行无偿献血制度
1,不知道献血码怎么查询献血记录,不知道献血码怎么查询献血记录
1,哪些原因会引起血小板输注无效,血小板输注无效有哪些原因
1,人体的血液是如何循环的,人体的血液是如何循环的
1,在采血车内献血，血液质量有保证吗,献血车内献血，安全吗
0,血液流速与哪些因素有关,如何决定输血量
0,人的血型会改变吗,报名后是否可以随时改变捐献造血干细胞的决定
1,为什么献血时要携带有效身份证件,献血时携带有效身份证件的原因是什么
1,为什么要捐献者本人填写同意书和捐献者登记表,必须捐献者本人填写同意书和捐献者登记表，原因在于
1,我害怕献血怎么办,我害怕献血怎么办
0,血液为什么是咸的,红细胞是怎样携带氧气的
0,献血中出现低血糖性昏厥该如何处理,AB血型的人怎样选择美食
0,献血后多久可以喝酒,献血后血液多长时间能恢复
0,机采血浆是如何操作的,爱喝酒的人血液里的酒精会不会太多
0,血型和性格有关吗,我国公民参加献血的年龄规定是多少
1,献血前你想好了么,献血前你想好了么
0,为什么推行捐献采成分血,如果贫血怎么还可以献血吧
0,正常人献血200~400毫升后在饮食上应注意什么,O血型人容易生哪些病
0,献血能降血脂,献血丢失的血液需要多久能恢复？需要“静养”、“进补”吗
0,我自己都贫血了，怎能献血呢,选择性IgA缺乏者有何输血风险
0,出现意外伤害时献血也不迟吧,血清弱D表型孕产妇应视为RhD阴性吗
0,献血会不会感染上疾病,捐献成分血会不会感染疾病
0,为什么不提倡近亲输血,血清弱D表型孕产妇应视为RhD阴性吗
0,红细胞为什么有时候需要冻存,输注少白细胞红细胞的临床意义有哪些
0,为什么献完血要按压针眼及上方5—10分钟,输血是治疗贫血最有效的方法吗
1,是不是献了一次血后，就必须不停地献血,是不是献一次血后，就需要长期不停地献血
1,献血前是吃饱了去，还是空腹呢,献血前是吃饱了去，还是空腹呢
1,为什么推行捐献采成分血,为什么推行捐献机采成分血
0,机采成分血对身体有什么影响吗,出现意外伤害时献血也不迟吧
1,如何计算每袋全血的重量,如何计算每袋全血的重量
1,熊猫血会遗传吗 熊猫血怎么遗传,Rh阴性血会遗传吗以及怎么遗传
1,献血会影响体力吗,献血会影响体力吗
1,肝素是如何抗凝的,肝素是如何抗凝的
1,为什么献血时要携带有效身份证件,献血时携带有效身份证件的作用是什么
0,为什么45-55岁的健康者不再接受采集造血干细胞登记,有血液恐惧症怎么办
0,Rh阴性患者是否只能使用Rh阴性血,献血后饮食如何调理
0,献血后多久可以喝酒,我自己都贫血了，怎能献血呢
0,血液的主要组成成分有哪些,献血能降血脂
0,献血后为什么手臂会出现淤血,为什么献血检测结果与医院检验结果不一样
0,献血影响健康吗,选择什么样的血管采血
0,每次献血献少点好吗？献血200毫升与400毫升哪个更有益,献血能降血脂
0,为什么献血时要携带有效身份证件,不同血型的人可以互相输血吗
0,我的血如果不好怎么办,为什么说全血并不全
0,为什么献血需核对身份证,你接种的新冠病毒疫苗是哪种？间隔多久能献血？一文告诉你
0,献血后身体会发胖吗,献血安全吗
0,献血会影响体力吗,血型是怎样遗传的
0,最近生过病怎么办,全血为什么需要在4±2℃保存
0,献血前应该喝糖水还是盐水,捐献后的血液需要低温保存吗
0,为什么少数人会发生献血反应,想献血但勇气不够怎么办
0,如何决定输血速度,捐献全血的流程包括什么
0,献血影响健康吗,为什么采血时塑料采血袋在不停地摆动
0,血液是否有有效期,流动献血车属于哪个医院的
0,红细胞是怎样携带氧气的,输注少白细胞红细胞的临床意义有哪些
1,献血前应做哪些准备,献血前准备
1,一名健康的公民一生可以献多少血,多少岁可以献血
0,我国公民参加献血的年龄规定是多少,捐献成分血会不会感染疾病
0,健康者在多大年龄适合捐献造血干细胞,秋冬季献血应注意什么
1,对献血反应该如何处理,发生献血反应怎么办
1,哪些人不适合献血,不适合献血人群有哪些
0,血型漫画丨难忘的端午节，你们都是怎么包粽子的,害怕针怎么办
0,为什么直系亲属之间不能相互献血,献血会不会感染上疾病
0,献血安全吗,人的血型会改变吗
0,献血能喝咖啡吗,人体哪些器官有贮血功能
0,血液流速与什么因素有关,血型与器官移植有关吗
0,还有什么血型系统与输血关系很大,非那根和地塞米松是否要作为常规输血前给药
0,为什么少数人会发生献血反应,献血为何要补充水份
0,我献出的血液，采供血机构会如何处理,人体内有哪些造血器官
1,为什么献血前有的人心里感到紧张,献血前为什么部分人心里感到紧张
0,血液的颜色是什么,不知道献血码怎么查询献血记录
1,RhD阴性患者如何输注血小板,RhD阴性患者怎么输注血小板
0,献血前是吃饱了去，还是空腹呢,献血后饮食如何调理
0,交叉配血是怎么回事,中老年人如何降低高血液粘稠度
1,我害怕献血怎么办,我害怕献血
1,你接种的新冠病毒疫苗是哪种？间隔多久能献血？一文告诉你,接种新冠病毒疫苗后，间隔多久能献血
1,献血后如何保护针眼,献血后保护针眼的方法是什么
0,血清弱D表型孕产妇应视为RhD阴性吗,国际社会公认的“无偿献血者”的概念是什么
1,高脂血患者平时怎么吃,高脂血患者饮食方面有什么注意
1,体内HIV可完全清除,艾滋病病毒在体内可以完全清除吗
1,为什么丙型肝炎病毒抗体（HCV抗体）阳性不能献血,有丙肝可以献血吗
0,新冠肺炎疫情常态化防控怎么做,献血安全吗
1,高度近视者为何不能献血,高度近视者为何不能献血
0,献血后要进补吗,为什么需要献血
1,献血后要进补吗,献血后需要刻意进补吗
0,熊猫血会遗传吗 熊猫血怎么遗传,采血时血液流速会影响血液质量吗
0,月经期间为何不能献血,献血影响健康吗
0,滤除血液中白细胞的时机有什么意义,为什么需要献血
0,人的血管能有多长,还有什么血型系统与输血关系很大
0,晕血？原来是血管迷走神经的过度反应,Rh（－）者输血供应有保障吗
1,血液，需多长时间能恢复原来水平,血液需要多久能恢复
0,ABO血型系统是如何定型的,广州血液中心是什么机构
0,哪些原因会引起血小板输注无效,献血后如何按压针眼
1,血小板是怎样止血的,血小板是如何止血的
0,为什么献血无偿而用血有偿,护士对安全输血起什么作用
0,有血液恐惧症怎么办,最近生过病怎么办
1,为什么纹身、打耳洞一年内不能献血,为什么打完耳洞一年内不能献血
0,输血与血型之间的关系是什么,献血可以减肥吗
0,血小板的“神奇功效”，您知道几个,血液流速与哪些因素有关
1,献血安全吗,献血安全吗
0,我害怕献血怎么办,"“无偿献血,有偿使用?”是这样的吗"
0,为什么丙型肝炎病毒抗体（HCV抗体）阳性不能献血,献血的8种好处，您知道多少
1,人的血型会改变吗,血型能改变吗
1,已经献过血了，可以不献了吧,我献过一次血了，是不是以后就不用献了
1,Rh阴性患者如何输血,Rh阴性患者是怎样输血的
1,为什么无偿献血，但输血却要收费,为什么人们是无偿献血，而病人到了医院要输血却要收费呢
1,你接种的新冠病毒疫苗是哪种？间隔多久能献血？一文告诉你,接种灭火新冠病毒疫苗后，间隔多久能献血
1,如何计算每袋全血的重量,一袋血的重量如何计算
0,为什么血压不合格不能献血,血小板的“神奇功效”，您知道几个
1,捐献成分血会不会感染疾病,献成分血可能感染疾病吗
0,熊猫血会遗传吗 熊猫血怎么遗传,献血可能会导致“贫血”吗
0,人体的血液是如何循环的,为什么在献血登记前要求填写健康征询表
1,献血中出现低血糖性昏厥该如何处理,低血糖患者突然晕倒该怎么处理
0,为什么血压不合格不能献血,想献血但勇气不够怎么办
1,输血与血型之间的关系是什么,输血与血型之间的关系是什么
0,熊猫血会遗传吗 熊猫血怎么遗传,常见血液制品有哪些临床用途
0,血压与献血有什么关系,A型血易感新冠肺炎
1,血型与器官移植有关吗,器官移植需要测什么血型
1,献血能喝咖啡吗,喝过咖啡后能献血吗
0,Rh是如何遗传的,为什么献血时要携带有效身份证件
0,B型血者如何真正快乐起来,如何知道自己已成为捐献造血干细胞志愿者
0,想献血但勇气不够怎么办,献血会不会上瘾
0,为什么献血时要携带有效身份证件,献血后要进补吗
0,献全血好还是血小板好？献血的10个小纠结，一次解决,献血能降血脂
0,国际社会公认的“无偿献血者”的概念是什么,蹲下再站起来会头晕或眼前一片黑可以献血吗
0,正常人献血200~400毫升后在饮食上应注意什么,输血可以引起哪些疾病
1,"捐血是吃饱了再去呢,还是空腹",献血要空腹吗
0,三种输血方式_哪种适合您,献血能喝咖啡吗
0,全血为什么需要在4±2℃保存,献血中出现低血糖性昏厥该如何处理
0,在采集造血干细胞前为什么要对捐献者使用造血干细胞动员,献血为何要补充水份
1,献血前是吃饱了去，还是空腹呢,献血是空腹还是吃饱了去
0,人体内血液总量是多少,身体里有多余的血吗
1,采血时血液流速会影响血液质量吗,采血时血液流速将影响血液质量吗
0,献血后补充哪种食物才能快速恢复元气,献血是不是应该有偿
0,母婴哪些血型会发生新生儿溶血症,捐献造血干细胞有报酬吗
0,血液黏稠度高怎么办,哪些原因会引起血小板输注无效
0,人体内血液总量是多少,ABO血型系统是如何定型的
1,血小板的“神奇功效”，您知道几个,血小板的“神奇功效”，您知道几个
0,让职工上班时间献血，单位的损失不是太大了吗,广州血液中心是什么机构
0,为什么艾滋病病毒抗体（HIV抗体）阳性不能献血,是谁第一个将人血输给人的
0,红细胞在4度条件下为什么不能永久保存,《献血法》鼓励哪些人率先参加献血
0,献血对身体有害吗,献血后为什么手臂会出现淤血
0,体内HIV可完全清除,流动献血车属于哪个医院的
0,献血可以减肥吗,输过血的人可以献血吗
1,献血可以减肥吗,无偿献血能减肥吗
0,有的人为什么见血会晕倒,你接种的新冠病毒疫苗是哪种？间隔多久能献血？一文告诉你
0,血液流速与什么因素有关,为什么献血检测结果与医院检验结果不一样
0,报名后是否可以随时改变捐献造血干细胞的决定,为什么献血检测结果与医院检验结果不一样
0,蹲下再站起来会头晕或眼前一片黑可以献血吗,人体血容量究竟是怎么算出来的
0,对非法采供血者的处罚有哪些,富血小板的血浆治疗确实有效吗
0,输过血的人，为什么要1年后才能献血,熊猫血会遗传吗 熊猫血怎么遗传
0,广州血液中心是什么机构,为什么献血时要携带有效身份证件
0,空腹献血者为什么偶尔可出现低血糖性昏厥,你接种的新冠病毒疫苗是哪种？间隔多久能献血？一文告诉你
1,为什么献血需核对身份证,为什么献血需核对身份证
0,是谁第一个发现了血型,献血可以减肥吗
1,为什么献血前有的人心里感到紧张,为什么献血前一些人会感到紧张
1,人体急需血液时，自身哪些器官可以供血,人体急需血液时，自身哪些器官可以供血
0,白细胞是怎样排除异己的,B型血者如何真正快乐起来
0,广州血液中心是什么机构,空腹献血者为什么偶尔可出现低血糖性昏厥
0,血型与器官移植有关吗,出现意外伤害时献血也不迟吧
1,血型能变吗,血型能变吗
1,血液流速与什么因素有关,影响血流速度的因素是什么
1,哪些人不适合献血,哪些人不适合献血
0,献血后如何保护针眼,血液检测后可用和不可用的血液去向
1,为什么采血时塑料采血袋在不停地摆动,为什么采血时塑料采血袋在不停地摆动
0,为什么无偿献血，但输血却要收费,血液黏稠度高怎么办
1,正常人献血200~400毫升后在饮食上应注意什么,献血后吃什么好
0,你接种的新冠病毒疫苗是哪种？间隔多久能献血？一文告诉你,我献出的血液，采供血机构会不会拿去卖掉呢
0,高度近视者为何不能献血,献血的8种好处，您知道多少
0,为什么献血需核对身份证,中老年人如何降低高血液粘稠度
0,为什么献血前有的人心里感到紧张,为什么吸毒者被列为献血高危人群
0,高脂血患者平时怎么吃,平常还要体育锻炼怎么办
0,蹲下再站起来会头晕或眼前一片黑可以献血吗,献血能降血脂
0,献血后要进补吗,为什么纹身、打耳洞一年内不能献血
0,献血后为防止针眼感染一般多少天内不要沾水,哪些人符合献血的条件
1,为什么不能输脂肪血,为什么不能输脂肪血
1,输血为什么有风险,输血为什么有风险
0,血型和性格有关吗,血小板的“神奇功效”，您知道几个
0,为什么丙型肝炎病毒抗体（HCV抗体）阳性不能献血,血液流速与什么因素有关
1,血液是否有有效期,血液会过期吗
0,捐机采成分血和捐献全血有区别吗,血型和性格有关吗
1,出现意外伤害时献血也不迟吧,出现意外伤害时再去献血不迟吧
0,出现意外伤害时献血也不迟吧,为什么采血时塑料采血袋在不停地摆动
0,人体内的血液总量有多少,新冠肺炎疫情常态化防控怎么做
0,献血后，教你如何正确补血,捐机采成分血和捐献全血有区别吗
1,大姨妈来了为什么不能献血,生理期期间为什么不能献血
0,外科输血如何进行,平常还要体育锻炼怎么办
0,对非法采供血者的处罚有哪些,哪些原因会引起血小板输注无效
0,不知道献血码怎么查询献血记录,秋冬季献血应注意什么
0,血液为什么是咸的,打疫苗对献血有何影响
0,我的血为什么不能输给他,为什么有的人会晕血
0,捐机采成分血对身体有什么影响吗,怎样正确自己测血压
1,为什么直系亲属之间不能相互献血,直系亲属间不能献血
0,你接种的新冠病毒疫苗是哪种？间隔多久能献血？一文告诉你,你还在纠结捐献200毫升还是400毫升么
1,我的血为什么不能输给他,我的血为什么不能输给他
0,《献血法》对医疗机构临床用血有什么规定,打疫苗对献血有何影响
1,是不是献了一次血后，就必须不停地献血,是不是献了一次血后，就必须不停地献血
0,献血可以减肥吗,在采集造血干细胞前为什么要对捐献者使用造血干细胞动员
1,红细胞在4度条件下为什么不能永久保存,红细胞在4度条件下为什么不能永久保存
1,公民如何参加献血,我怎么才能献血
0,哪些原因会引起血小板输注无效,孕妇为什么要做血型鉴定
1,献血会导致身体发胖吗,献血会让人变胖吗
1,交叉配血是怎么回事,什么是交叉配血
0,人体造血的原料是什么,HLA与输血有什么关系
0,血液的主要组成成分有哪些,让职工上班时间献血，单位的损失不是太大了吗
0,为什么临床输血常用枸橼酸盐作抗凝剂,我害怕献血怎么办
0,为什么无偿献血，但输血却要收费,美国红十字会采供血机构如何做献血后告知与咨询
1,怎样成为一名捐献造血干细胞志愿者,成为一名捐献造血干细胞志愿者的条件
0,为什么还要填写捐献者的两位不同住址的亲属或朋友的姓名和联系方式,血站对采集的血液要做怎样的处理
0,如果贫血怎么还可以献血吧,还有什么血型系统与输血关系很大
1,献血可能会导致“贫血”吗,献血会不会导致贫血
0,对献血反应该如何处理,白细胞膜上的抗原可分为几类
1,白细胞膜上的抗原可分为几类,白细胞膜上的抗原可分为几类
0,人体哪些器官有贮血功能,人失血多少会有生命危险
0,《献血法》鼓励哪些人率先参加献血,国家制定《献血法》的目的是什么
0,B型血者如何真正快乐起来,你还在纠结捐献200毫升还是400毫升么
0,捐献血小板有哪些激励政策,为什么无偿献血，但输血却要收费
0,不同血型的人可以互相输血吗,如果贫血怎么还可以献血吧
0,为什么献血前有的人心里感到紧张,是否献一次血后必须不断的献血
1,我国公民参加献血的年龄规定是多少,献血有年龄规定吗
0,人的血管能有多长,献血后为防止针眼感染一般多少天内不要沾水
1,B型血者如何真正快乐起来,B型血者如何真正快乐起来
1,体育锻炼热衷者能参加献血吗,体育锻炼热衷者能参加献血吗
0,感冒是否可以献血,既然是无偿献血，用血时为什么要收费
0,为什么不能输脂肪血,国家有关无偿献血的表彰及献血者的权利有哪些
0,按压针眼的三大忌,献血者有哪些权利应受保护
0,我国公民参加献血的年龄规定是多少,不同血型的人可以互相输血吗
0,A型血易感新冠肺炎,献血影响健康吗
0,HIV(人类免疫缺陷病毒抗体)的检测意义是什么,献血能降血脂
0,体育锻炼热衷者能参加献血吗,献血丢失的血液需要多久能恢复_需要“静养”、“进补”吗
0,女性献血者生理期间能否献血,为什么无偿献血，但输血却要收费
0,让职工上班时间献血，单位的损失不是太大了吗,血清弱D表型孕产妇应视为RhD阴性吗
1,血压是怎样形成的,血压是如何形成的
0,出现意外伤害时献血也不迟吧,献血前是吃饱了去，还是空腹呢
0,血型漫画丨难忘的端午节，你们都是怎么包粽子的,捐献造血干细胞对健康有影响吗
1,献血后检测不合格是否就表示献血者患有疾病,献血检测不合格是不是代表有病
1,血液的主要组成成分有哪些,血液的主要成分
1,捐献血小板有哪些激励政策,捐血小板有什么政策
0,我献出的血液，采供血机构会不会拿去卖掉呢,国际社会公认的“无偿献血者”的概念是什么
0,如何决定输血量,成分献血是什么概念
0,“萌萌哒”血小板为啥那么小,白细胞有血型吗
0,O型血可以输给任何血型的人吗,捐献全血的流程包括什么
1,外科输血如何进行,外科输血如何进行
1,健康者在多大年龄适合捐献造血干细胞_标准如何,健康者在多大年龄适合捐献造血干细胞_标准如何
0,献血后血液多长时间能恢复,为什么无偿献血，但输血却要收费
0,献血是不是应该有偿,孕妈妈为什么要了解自己的血型呢
0,什么是血液的比重,全血为什么需要在4±2℃保存
1,献血前不能吃豆浆牛奶鸡蛋咸菜，这些“经验”是怎么来的,献血前不能吃豆浆牛奶鸡蛋的经验怎么来的
0,有的人为什么见血会晕倒,血压是怎样形成的
0,输注少白细胞红细胞的临床意义有哪些,为什么要推行机采成分血
0,为什么需要献血,为什么少数人会发生献血反应
1,血液有代用品吗,血液有代用品吗
0,红细胞为什么有时候需要冻存,人体内的血液总量有多少
0,如何决定输血量,输血可以引起哪些疾病
0,常见血液制品有哪些临床用途,是不是献了一次血后，就必须不停地献血
0,捐献造血干细胞对健康有影响吗,宝宝的性格遗传谁多一些呢
0,每次献血献少点好吗？献血200毫升与400毫升哪个更有益,献血时紧张怎么办
1,《献血法》对医疗机构临床用血有什么规定,医疗机构临床用血有啥规定
1,秋冬季献血应注意什么,秋冬季献血应注意什么
1,献血后补充哪种食物才能快速恢复元气,献血后快速恢复元气需要补充哪些食物
0,为什么丙型肝炎病毒抗体（HCV抗体）阳性不能献血,血液检验报告单上的“两对半”啥意思
0,夏天献血可以喝盐分饮料吗,造血干细胞移植可治疗哪些疾病
1,三种输血方式_哪种适合您,三种输血方式_哪种适合您
0,献血后如何保护针眼,HIV(人类免疫缺陷病毒抗体)的检测意义是什么
1,献血后要进补吗,献血后怎样食补
0,在亲子鉴定中首先应考虑什么系统,目前临床输血进展如何
0,每次献血献少点好吗,中老年人如何降低高血液粘稠度
0,献血能降血脂,已经献过血了，可以不献了吧
0,白细胞有血型吗,人的血管能有多长
0,既然提倡成分输血，那我献的全血去哪了,采血袋中最常用的抗凝剂是什么
0,献血后如何保护针眼,血型可以人为改变吗
0,无偿献血者应受到哪些奖励,为什么献血使用的针头比一般的粗
0,红细胞是怎样携带氧气的,献血前应该喝糖水还是盐水
1,献血和输血有何不同,献血和输血有啥区别
0,在采血车内献血，血液质量有保证吗,什么是血液的比重
0,夏季献血，那些你不知道的事,血液是否有有效期
1,捐机采成分血和捐献全血有区别吗,捐献血小板与传统献血的区别
1,银屑病患者可以献血吗,银屑病患者可以献血吗
1,献血是不是应该有偿,献血是不是可以支付一定的钱
0,贫血到什么程度需输血,空腹献血者为什么偶尔可出现低血糖性昏厥
0,辐照红细胞的适应症有哪些,捐血的时候容易被传染疾病吗
0,为什么直系亲属之间不宜相互献血,为什么纹身、打耳洞一年内不能献血
0,输血是 越“新鲜”越好吗,医疗机构如何履行艾滋病告知义务
0,捐献血小板有哪些激励政策,献血后为什么手臂会出现淤血
1,护士对安全输血起什么作用,临床安全输血中护士的重要作用
0,献血前是吃饱了去，还是空腹呢,输过血的人可以献血吗
0,献血后要进补吗,已经献过血了，可以不献了吧
1,如何知道自己已成为捐献造血干细胞志愿者,如何知道自己已成为捐献造血干细胞志愿者
0,血压与献血有什么关系,空腹献血者为什么偶尔可出现低血糖性昏厥
1,献血会不会感染上疾病,献血会感染上疾病吗
0,是谁第一个发现了血型,捐献者需要承担什么费用吗
1,献血后为防止针眼感染一般多少天内不要沾水,献血后24小时不能沾水吗
0,献血可以减肥吗,志愿者报名登记后，是否马上就要捐献造血干细胞
1,HLA与输血有什么关系,HLA与输血有何关系
1,献血后身体会发胖吗,献血后可能发胖吗
0,人的血型会改变吗,献血能降血脂
1,人的血管能有多长,人的血管多长
0,我献出的血液，采供血机构会不会拿去卖掉呢,亲属间输血安全吗
0,为什么直系亲属之间不宜相互献血,献血中出现低血糖性昏厥该如何处理
0,人的血型会改变吗,血型与器官移植有关吗
0,是谁第一个将人血输给人的,哪些情况需要输血
0,为什么献血无偿而用血有偿,Rh阴性患者如何输血
1,为什么需要献血,为什么要开展献血
1,输血为什么有风险,输血为什么不安全
0,夏季献血，那些你不知道的事,捐机采成分血和捐献全血有区别吗
0,为什么直系亲属之间不能相互献血,报名后是否可以随时改变捐献造血干细胞的决定
0,Rh（－）属稀有血型吗,血型能改变吗
0,O型全血是万能血吗,捐献造血干细胞影响身体健康吗
0,献血后血液多久可以恢复,亲属间输血安全吗
0,为什么血压不合格不能献血,白细胞膜上的抗原可分为几类
0,输血为什么有风险,红细胞为什么有时候需要冻存
1,血液为什么是咸的,血为什么是咸的
0,为什么不能输脂肪血,O型全血是万能血吗
0,夏季献血，那些你不知道的事,为什么献血检测结果与医院检验结果不一样
1,高脂血患者平时怎么吃,高脂血患者平时怎么吃
0,献血被拒绝，您知道为什么吗,献血能喝咖啡吗
0,献血时紧张怎么办,在亲子鉴定中首先应考虑什么系统
0,新冠肺炎疫情常态化防控怎么做,为什么“受血者”要在受血五年后再献血
0,Rh（－）者如何自我保护,一名健康的公民一生可以献多少血
0,我很怕痛，献血会痛吗,捐血的时候容易被传染疾病吗
0,献血能降血脂,献血后多久可以喝酒
0,是谁第一个将人血输给人的,什么是血液的比重
0,为什么要实行无偿献血制度,我为什么不能献血
0,捐献造血干细胞对健康有影响吗,人的血型会改变吗
1,为什么要推行机采成分血,机采成分血有什么好处
0,O型血是万能血吗？哪种血型最有用,如何知道自己已成为捐献造血干细胞志愿者
1,银屑病患者可以献血吗,银屑病可以献血吗
1,献血后血液多长时间能恢复,献血后，血量多长时间恢复
0,还有什么血型系统与输血关系很大,人体哪些器官有贮血功能
0,国家有关无偿献血的表彰及献血者的权利有哪些,献血会不会上瘾
0,献血后会不会头晕,如何计算每袋全血的重量
0,采血时血液流速会影响血液质量吗,输血是 越“新鲜”越好吗
0,人体血容量究竟是怎么算出来的,献血能降血脂
0,为什么采血时塑料采血袋在不停地摆动,捐献后的血液需要低温保存吗
0,献血中出现低血糖性昏厥该如何处理,为什么直系亲属之间不宜相互献血
0,捐献造血干细胞对健康有影响吗,血液流速与哪些因素有关
0,患者因严重冷凝集素而引起配血困难怎么办,孕妈妈为什么要了解自己的血型呢
0,为什么艾滋病病毒抗体（HIV抗体）阳性不能献血,捐机采成分血和捐献全血有区别吗
0,为什么在献血登记前要求填写健康征询表,为什么无偿献血，但输血却要收费
1,哪些情况需要输血,哪些情况需要输血
0,外科输血如何进行,HIV(人类免疫缺陷病毒抗体)的检测意义是什么
0,全血为什么需要在4±2℃保存,献血会不会上瘾
1,献血后如何按压针眼,献血后，你真的会按压针眼吗
0,大姨妈来了为什么不能献血,健康者在多大年龄适合捐献造血干细胞_标准如何
1,献血被拒绝，您知道为什么吗,被拒绝献血的原因有哪些
0,血液的主要组成成分有哪些,献血丢失的血液需要多久能恢复？需要“静养”、“进补”吗
0,献血可能会导致“贫血”吗,如何知道自己已成为捐献造血干细胞志愿者
0,为什么血液中心的检测结果不能作为疾病诊断最终结果,血液有代用品吗
0,人体急需血液时，自身哪些器官可以供血,捐献成分血会不会感染疾病
1,捐机采成分血和捐献全血有区别吗,捐献成分血与捐献全血有什么不同
0,高度近视者为何不能献血,捐献后的血液需要低温保存吗
0,献血和输血有何不同,输过血的人可以献血吗
0,献血会不会感染上疾病,献血后如何保护针眼
1,人体内血液总量是多少,人体内有多少血液
1,美国红十字会采供血机构如何做献血后告知与咨询,美国红十字会采供血机构怎么做献血后告知与咨询
1,为什么少数人会发生献血反应,为什么少数人会发生心慌，头晕，面色苍白等反映
0,血液流速与什么因素有关,献血后会不会头晕
0,抗凝剂是如何抗凝的,报名后是否可以随时改变捐献造血干细胞的决定
0,不知道献血码怎么查询献血记录,什么是血液的比重
0,献血时紧张怎么办,捐机采成分血和捐献全血有区别吗
0,为什么“受血者”要在受血五年后再献血,国家制定《献血法》的目的是什么
1,什么是血液的比重,什么是血液的比重
0,采血量不足的血液为何不能输注给患者,血小板的“神奇功效”，您知道几个
0,捐献成分血会不会感染疾病,输过血的人可以献血吗
0,血型有好坏之分吗,为什么不提倡近亲输血
1,患过肝炎怎么办,患过肝炎怎么办
0,哪些情况需要输血,血液的颜色是什么
1,献血丢失的血液需要多久能恢复？需要“静养”、“进补”吗,献血丢失的血液需要多久能恢复？需要“静养”、“进补”吗
0,用于亲子鉴定的有哪几种血型系统,献血可能会导致“贫血”吗
0,你接种的新冠病毒疫苗是哪种？间隔多久能献血？一文告诉你,捐机采成分血和捐献全血有区别吗
0,献血后为什么手臂会出现淤血,为什么少数人会发生献血反应
0,用于亲子鉴定的有哪几种血型系统,献血前连豆浆也不能喝
0,血压是怎样形成的,血型和性格有关吗
0,捐机采成分血对身体有什么影响吗,输血可以引起哪些疾病
0,每次献血献少点好吗？献血200毫升与400毫升哪个更有益,献血后为防止针眼感染一般多少天内不要沾水
1,血液检测后可用和不可用的血液去向,血液检测后可用和不可用的血液去向
0,孕妈妈为什么要了解自己的血型呢,献血影响健康吗
1,如何采集造血干细胞,造血干细胞怎么采集
1,Rh是如何遗传的,Rh是如何遗传的
1,母体与胎儿血相同吗,母体与胎儿血相同吗
1,献血对身体有害吗,献血对身体有害吗
0,血液，需多长时间能恢复原来水平,富血小板的血浆治疗确实有效吗
0,献血后身体会发胖吗,献血前不能吃豆浆牛奶鸡蛋咸菜，这些“经验”是怎么来的
0,体育锻炼热衷者能参加献血吗,献血对身体有害吗
1,献血影响健康吗,献血对身体健康有影响吗
0,献血可能会导致“贫血”吗,血小板为什么会输注无效
0,一年献一次献血量算多吗,捐献成分血会不会感染疾病
0,国家有关无偿献血的表彰及献血者的权利有哪些,输血为什么有风险
0,每次献血献少点好吗？献血200毫升与400毫升哪个更有益,献血后多久可以喝酒
0,为什么直系亲属间输血并不安全,怎样成为一名捐献造血干细胞志愿者
1,捐机采成分血对身体有什么影响吗,捐机采成分血对身体有什么影响吗
1,捐献造血干细胞有报酬吗,捐献造血干细胞是有偿的吗
0,选择什么样的血管采血,既然提倡成分输血，那我献的全血去哪了
1,流动献血车属于哪个医院的,流动献血车属于哪个医院的
0,公民如何参加献血,人的血管能有多长
1,血型和性格有关吗,血型与性格真的有关系吗
0,为什么血压不合格不能献血,为什么无偿献血，但输血却要收费
0,ABO血型系统是如何定型的,志愿者报名登记后，是否马上就要捐献造血干细胞
1,献血会影响体力吗,献血对体力有影响吗
0,一名健康的公民一生可以捐献多少全血,人体血容量究竟是怎么算出来的
0,Rh（－）属稀有血型吗,怎样配合医生进行输血
1,献血会传染疾病吗,献完血会得病吗
1,Rh（－）者如何自我保护,Rh（-）者平时要注意什么
0,捐献造血干细胞对健康有影响吗,献血后要进补吗
0,献血后饮食如何调理,血型能改变吗
0,女性献血者生理期间能否献血,献血后为什么手臂会出现淤血
0,您知道血型工作者已经为您做了哪些工作吗,"“无偿献血,有偿使用?”是这样的吗"
0,是谁第一个将人血输给人的,你接种的新冠病毒疫苗是哪种？间隔多久能献血？一文告诉你
0,最近生过病怎么办,公民如何参加献血
1,献血者有哪些权利应受保护,献血者有哪些权利应受保护
0,为什么艾滋病病毒抗体（HIV抗体）阳性不能献血,平常还要体育锻炼怎么办
0,献血者有哪些权利应受保护,为什么需要不同的血液成分
1,Rh（－）者如何自我保护,Rh（－）者怎么保护自己
0,献血被拒绝，您知道为什么吗,为什么献血针眼处有时会淤青
1,蹲下再站起来会头晕或眼前一片黑可以献血吗,蹲起出现眼前一片黑和眩晕可以献血吗
0,在采集造血干细胞前为什么要对捐献者使用造血干细胞动员,人体内血液总量是多少
0,捐献后的血液需要低温保存吗,选择性IgA缺乏者有何输血风险
0,献血会不会上瘾,献血会不会感染上疾病
1,为什么血液中心的检测结果不能作为疾病诊断最终结果,为什么血液中心检测结果不能代表疾病诊断结果
0,人体内有哪些造血器官,献血能降血脂
0,献血的8种好处，您知道多少,父母的血型与子女的血型有什么关系
1,O型全血是万能血吗,O型血是万能血吗
0,无偿献血者应受到哪些奖励,血液的主要组成成分有哪些
1,血液可以买卖么?如买卖血液会受到何种处罚,可以自己卖血吗
0,国家实行什么献血制度,为什么艾滋病病毒抗体（HIV抗体）阳性不能献血
0,无偿献血者应受到哪些奖励,晕血？原来是血管迷走神经的过度反应
0,捐血的时候容易被传染疾病吗,献血是不是应该有偿
0,国家实行什么献血制度,献血后如何按压针眼
1,为什么献血无偿而用血有偿,为什么无偿献血，用血却需要花钱
0,为什么“受血者”要在受血五年后再献血,为什么无偿献血，但输血却要收费
0,对非法采供血者的处罚有哪些,有血液恐惧症怎么办
1,怎样正确自己测血压,怎样正确自己测血压
0,哪些情况需要输血,为什么直系亲属之间不宜相互献血
0,为什么血压不合格不能献血,对献血反应该如何处理
0,献血后会贫血吗,为什么无偿献血，但输血却要收费
0,人的血管能有多长,献血后该如何止血
0,白细胞膜上的抗原可分为几类,让职工上班时间献血，单位的损失不是太大了吗
0,献血前你想好了么,为什么要实行无偿献血制度
0,"“无偿献血,有偿使用?”是这样的吗",怎样正确自己测血压
0,富血小板的血浆治疗确实有效吗,人体内的血液总量有多少
1,献血安全吗,献血会对身体有危害吗
0,献血会传染疾病吗,血清弱D表型孕产妇应视为RhD阴性吗
1,不同血型的人可以互相输血吗,血型不同的人之间可以互相献血吗
0,病人大出血时，输血应注意什么,不同血型的人可以互相输血吗
0,献血后为防止针眼感染一般多少天内不要沾水,输血可以引起哪些疾病
0,广州血液中心是什么机构,血站对采集的血液要做怎样的处理
0,从血型看寿命长短 哪个血型的人最长寿,献血前应做哪些准备
0,我国公民参加献血的年龄规定是多少,输血能成为埃博拉病毒感染者的新希望吗
1,输注红细胞时应该注意什么,输注红细胞注意事项
0,如何预防献血中出现低血糖性昏厥,捐献者需要承担什么费用吗
0,正常情况下心血管内的血液为什么不发生凝固,为什么直系亲属之间不能相互献血
0,捐献造血干细胞你了解多少,如何决定输血速度
0,既然是无偿献血，用血时为什么要收费,为什么有的人会晕血
1,三种输血方式_哪种适合您,有哪几种输血方式
0,献血对身体有害吗,为什么献血前有的人心里感到紧张
1,献血后会不会头晕,献血后会不会头晕
0,献血会不会感染上疾病,宝宝的性格遗传谁多一些呢
1,第VIII因子浓缩剂与冷沉淀在适应症方面有什么区别,第VIII因子浓缩剂和冷沉淀有什么区别
1,还有什么血型系统与输血关系很大,还有什么血型系统与输血关系很大
0,Rh阴性血与Rh阳性血相比，在采集、制备和储存一样吗,为什么献血需核对身份证
0,自体输血适合您吗,空腹献血者为什么偶尔可出现低血糖性昏厥
0,献血影响健康吗,人的血型会改变吗
0,捐献后的血液需要低温保存吗,为什么献血前有的人心里感到紧张
1,怎样处理单采血小板献血者偶发的缺钙症状,单采血小板出现缺钙症状怎么办
1,献血时紧张怎么办,献血时如果紧张，应该怎么处理
1,非那根和地塞米松是否要作为常规输血前给药,非那根和地塞米松是否要作为常规输血前给药
0,为什么有的人献血后会头晕,如何计算每袋全血的重量
0,健康者在多大年龄适合捐献造血干细胞,献血前应做哪些准备
1,AB血型的人怎样选择美食,AB血型的人怎样选择美食
0,血液的主要功能有哪些,如何决定输血量
0,感冒是否可以献血,献血后身体会发胖吗
1,健康者在多大年龄适合捐献造血干细胞,捐献造血干细胞适合的年龄
1,我国公民参加献血的年龄规定是多少,我国公民参加献血的年龄规定是多少
0,血型可以人为改变吗,你接种的新冠病毒疫苗是哪种？间隔多久能献血？一文告诉你
1,献血影响健康吗,献血影响健康吗
0,我的血为什么不能输给他,身体里有多余的血吗
0,捐献血小板有哪些激励政策,捐献造血干细胞有报酬吗
0,人体的血液是如何循环的,美国红十字会采供血机构如何做献血后告知与咨询
0,献血前不能吃豆浆牛奶鸡蛋咸菜，这些“经验”是怎么来的,为什么纹身、打耳洞一年内不能献血
1,为什么纹身、打耳洞一年内不能献血,为什么纹身、打耳洞一年内不能献血
0,献血后为防止针眼感染一般多少天内不要沾水,血液可以买卖么?如买卖血液会受到何种处罚
0,献血后血液多长时间能恢复,献血能降血脂
0,献血后会贫血吗,献血可能会导致“贫血”吗
1,为什么血压不合格不能献血,血压偏低，为什么不能献血
1,月经期间为何不能献血,月经期间怎么不能献血
0,为什么需要献血,献血能喝咖啡吗
1,献血会不会上瘾,献血真的可能会上瘾吗
0,献血后饮食如何调理,每次献血献少点好吗？献血200毫升与400毫升哪个更有益
0,已经献过血了，可以不献了吧,如何决定输血量
0,一名健康的公民一生可以献多少血,献血后如何按压针眼
0,献血后多久可以喝酒,献血对身体有害吗
1,最近生过病怎么办,最近生过病怎么办
1,献血后会不会头晕,献血后会头晕吗
1,机采成分血对身体有什么影响吗,机采成分血对身体有什么影响吗
0,无偿献血者应受到哪些奖励,为什么要捐献者本人填写同意书和捐献者登记表
0,献血的8种好处，您知道多少,人体造血的原料是什么
0,是谁第一个发现了血型,贫血到什么程度需输血
1,Rh阴性为何如此“稀有”,Rh阴性为何如此“稀有”
0,献血后为防止针眼感染一般多少天内不要沾水,为什么献血检测结果与医院检验结果不一样
0,献血前连豆浆也不能喝,中老年人如何降低高血液粘稠度
0,捐献成分血会不会感染疾病,献血会导致身体发胖吗
1,如何采集造血干细胞,如何采集造血干细胞
0,为什么献血检测结果与医院检验结果不一样,选择性IgA缺乏者有何输血风险
0,献血前不能吃豆浆牛奶鸡蛋咸菜，这些“经验”是怎么来的,晕血？原来是血管迷走神经的过度反应
0,《中华人民共和国献血法》是何时通过、何时实施的,献血后多长时间才能参加运动
0,蹲下再站起来会头晕或眼前一片黑可以献血吗,我害怕献血怎么办
0,选择性IgA缺乏者有何输血风险,献血后血液多长时间能恢复
1,志愿者报名登记后，是否马上就要捐献造血干细胞,志愿者报名登记后，是否马上就要捐献造血干细胞
1,人体造血的原料是什么,人体造血的原料是什么
0,滤除血液中白细胞的时机有什么意义,AB血型的人怎样选择美食
0,捐机采成分血和捐献全血有区别吗,血压是怎样形成的
1,献血是不是应该有偿,还存在有偿献血吗
0,哪些人符合献血的条件,无偿献血者应受到哪些奖励
0,献血影响健康吗,O血型人容易生哪些病
0,血液有代用品吗,已经献过血了，可以不献了吧
0,爱喝酒的人血液里的酒精会不会太多,母体与胎儿血相同吗
0,怎样正确自己测血压,献血后为什么手臂会出现淤血
0,如何计算每袋全血的重量,人的血管能有多长
1,流动献血车属于哪个医院的,献血车是医院的吗
1,HLA与器官移植有什么关系,HLA与器官移植有关系吗
1,捐献者需要承担什么费用吗,献血收费吗
0,献血是不是应该有偿,公民献血应遵守哪些规定
0,献血中出现低血糖性昏厥该如何处理,空腹献血者为什么偶尔可出现低血糖性昏厥
0,献血能降血脂,Rh（－）属稀有血型吗
0,三种输血方式_哪种适合您,"我献出的血液,采供血机构会如何处理"
0,为什么无偿献血，但输血却要收费,献血后为防止针眼感染一般多少天内不要沾水
1,为什么还要填写捐献者的两位不同住址的亲属或朋友的姓名和联系方式,为什么还要填写捐献者的两位不同住址的亲属或朋友的姓名和联系方式
0,体内HIV可完全清除,红细胞为什么有时候需要冻存
1,平时我要体力劳动怎么办,经常体力劳动可以献血吗
0,为什么只有你献完血手臂上有淤青,为什么采血时塑料采血袋在不停地摆动
0,人体内血液总量是多少,"我献出的血液,采供血机构会如何处理"
0,捐献成分血会不会感染疾病,外科输血如何进行
1,晕血？原来是血管迷走神经的过度反应,晕血的原因
0,为什么无偿献血，但输血却要收费,人失血多少会有生命危险
0,护士对安全输血起什么作用,采血时血液流速会影响血液质量吗
1,为什么直系亲属之间不宜相互献血,为什么直系亲属之间不宜相互献血
0,献血后多长时间才能参加运动,捐献造血干细胞对健康有影响吗
0,一名健康的公民一生可以捐献多少全血,什么是不规则抗体
0,为什么推行捐献采成分血,如果贫血怎么还可以献血吧
0,献血后为防止针眼感染一般多少天内不要沾水,血液的颜色是什么
1,献血前连豆浆也不能喝,献血前不能喝豆浆吗
1,为什么在献血登记前要求填写健康征询表,在献血登记前要求填写健康征询表的目的是什么
0,血小板的“神奇功效”，您知道几个,不同血型的人可以互相输血吗
1,采血时血液流速会影响血液质量吗,采血时血液流速可能会影响血液质量吗
0,Rh阴性患者如何输血,血小板是否必须同型输注
0,捐机采成分血对身体有什么影响吗,采集造血干细胞的方法是怎样的
1,你接种的新冠病毒疫苗是哪种？间隔多久能献血？一文告诉你,接种灭火新冠病毒疫苗后最快多久能献血
0,女性献血者生理期间能否献血,如何计算每袋全血的重量
0,献血安全吗,捐献造血干细胞对健康有影响吗
1,献血后血液多长时间能恢复,献血完多久能恢复
0,输血时若遇含有冷凝集素的血时怎么办,辐照红细胞的适应症有哪些
0,献血前应做哪些准备,Rh阴性患者如何输血
0,红细胞是怎样携带氧气的,献血前连豆浆也不能喝
1,是否献一次血后必须不断的献血,是否献一次血后必须不断的献血
0,献血后饮食如何调理,大姨妈来了为什么不能献血
0,让职工上班时间献血，单位的损失不是太大了吗,献血可能会导致“贫血”吗
0,有的人为什么见血会晕倒,血液流速与什么因素有关
1,献血后如何按压针眼,献血后怎样按压针眼
0,患过肝炎怎么办,血液的颜色是什么
0,抗凝剂是如何抗凝的,献血安全吗
0,献血是不是应该有偿,已经献过血了，可以不献了吧
1,为什么献血使用的针头比一般的粗,献血使用的针头比一般的粗，这是为啥
0,外科输血如何进行,为什么献血需核对身份证
0,献血会导致身体发胖吗,每次献血献少点好吗
0,采血方式有哪几种,血型能变吗
0,中老年人如何降低高血液粘稠度,献血后身体会发胖吗
1,献血影响健康吗,献血对身体健康有不良影响吗
0,采血时血液流速会影响血液质量吗,如何预防献血中出现低血糖性昏厥
0,采血时血液流速会影响血液质量吗,一名健康的公民一生可以捐献多少全血
0,献血会不会上瘾,国家有关无偿献血的表彰及献血者的权利有哪些
0,一年献一次献血量算多吗,想献血但勇气不够怎么办
1,哪些人不适合献血,哪些人暂时不能献血
0,血压是怎样形成的,为什么血压不合格不能献血
0,捐机采成分血对身体有什么影响吗,亲属间输血安全吗
1,冷沉淀外观是怎样的,冷沉淀长什么样子
0,捐机采成分血对身体有什么影响吗,为什么少数人会发生献血反应
1,有血液恐惧症怎么办,有血液恐惧症怎么办
0,为什么需要不同的血液成分,我为什么不能献血
0,AB血型的人怎样选择美食,Rh（－）者输血供应有保障吗
1,Rh是如何遗传的,rh是遗传的吗
1,O型血可以输给任何血型的人吗,O型血可以输给A型血的人吗
0,血型漫画丨难忘的端午节，你们都是怎么包粽子的,健康者在多大年龄适合捐献造血干细胞_标准如何
1,国家有关无偿献血的表彰及献血者的权利有哪些,献血后有什么福利待遇
1,为什么少数人会发生献血反应,为什么少数人会发生献血反应
1,贫血到什么程度需输血,贫血到什么程度需输血
0,血型不对，难道我是捡来的,血液流出体外为什么会凝固
0,为什么血压不合格不能献血,A型血易感新冠肺炎
0,胎儿也有血型吗,感冒是否可以献血
1,A型血易感新冠肺炎,A型血更容易感染新冠肺炎吗
0,献血的8种好处，您知道多少,怎样正确自己测血压
0,捐机采成分血和捐献全血有区别吗,健康者在多大年龄适合捐献造血干细胞_标准如何
0,献血能降血脂,捐机采成分血和捐献全血有区别吗
0,人的血型会改变吗,血液流速与什么因素有关
1,用于亲子鉴定的有哪几种血型系统,用于亲子鉴定的有哪几种血型系统
0,为什么有的人会晕血,为什么献血无偿而用血有偿
0,献血前连豆浆也不能喝,捐献成分血会不会感染疾病
0,为什么少数人会发生献血反应,献血中出现低血糖性昏厥该如何处理
0,献血可能会导致“贫血”吗,输血是 越“新鲜”越好吗
0,在采血车内献血，血液质量有保证吗,怎样配合医生进行输血
0,是谁第一个将人血输给人的,既然是无偿献血，用血时为什么要收费
0,选择什么样的血管采血,外科输血如何进行
0,为什么说全血并不全,血型能变吗
0,为什么血液的颜色有差别,血型不对，难道我是捡来的
0,献血能喝咖啡吗,O型血可以输给任何血型的人吗
1,为什么45-55岁的健康者不再接受采集造血干细胞登记,为什么45-55岁的健康者不再接受采集造血干细胞登记
0,哪些人符合献血的条件,餐后献血会大大减少献血反应吗
0,身体里有多余的血吗,《献血法》鼓励哪些人率先参加献血
0,为什么采血时塑料采血袋在不停地摆动,献血前连豆浆也不能喝
0,献血后为防止针眼感染一般多少天内不要沾水,我害怕献血怎么办
0,熊猫血会遗传吗 熊猫血怎么遗传,滤除血液中白细胞的时机有什么意义
0,献血前应做哪些准备,哪些情况需要输血
1,捐献造血干细胞对健康有影响吗,捐献造血干细胞对健康有什么影响
1,每次献血献少点好吗,献血少点更好回复吗
1,红细胞为什么有时候需要冻存,红细胞为什么有时候需要冻存
0,献血前不能吃豆浆牛奶鸡蛋咸菜，这些“经验”是怎么来的,人体的血液是如何循环的
0,献血影响健康吗,《献血法》鼓励哪些人率先参加献血
1,血液黏稠度高怎么办,血太黏了怎么办
0,献血后如何按压针眼,献血可能会导致“贫血”吗
0,人的血型会改变吗,为什么献血无偿而用血有偿
0,献血后该如何止血,献血影响健康吗
0,输过血的人可以献血吗,Rh阴性为何如此“稀有”
0,国家有关无偿献血的表彰及献血者的权利有哪些,病人大出血时，输血应注意什么
0,我为什么不能献血,是谁第一个将人血输给人的
0,哪些人符合献血的条件,献血后怎样查询血液检测结果
1,想献血但勇气不够怎么办,有献血的想法但是害怕怎么办
0,HIV(人类免疫缺陷病毒抗体)的检测意义是什么,人体内血液总量是多少
1,捐机采成分血和捐献全血有区别吗,捐献成分血与捐献全血的区别
0,公民献血后，采供血机构应发给献血者什么凭证,Rh是如何遗传的
0,是否献一次血后必须不断的献血,献血会不会感染上疾病
0,为什么不提倡近亲输血,献血后检测不合格是否就表示献血者患有疾病
1,血型和性格有关吗,血型和性格有关吗
0,献血前是吃饱了去，还是空腹呢,人体血容量究竟是怎么算出来的
1,不知道献血码怎么查询献血记录,丢失献血码，如何查询献血记录
0,按压针眼的三大忌,血液的主要组成成分有哪些
0,为什么有的人会晕血,为什么献血前有的人心里感到紧张
1,为什么少数人会发生献血反应,为什么有些人会发生献血反应
0,我的血为什么不能输给他,贮存式自身输血要注意哪些问题
0,为什么少数人会发生献血反应,献血前连豆浆也不能喝
1,为什么献完血要按压针眼及上方5—10分钟,为什么献完血要按压针眼及上方5—10分钟
1,Rh阴性患者是否只能使用Rh阴性血,Rh阴性患者可以使用其他血型血液吗
0,不同血型的人可以互相输血吗,平时我要体力劳动怎么办
1,抗凝剂是如何抗凝的,抗凝剂是如何抗凝的
0,如何评价血小板减少性紫癜的疗效,让职工上班时间献血，单位的损失不是太大了吗
0,人失血多少会有生命危险,献血会不会上瘾
0,抗凝剂是如何抗凝的,O型血是万能血吗？哪种血型最有用
0,捐献造血干细胞对健康有影响吗,大姨妈来了为什么不能献血
1,宝宝的性格遗传谁多一些呢,宝宝的性格遗传谁多一些呢
0,非那根和地塞米松是否要作为常规输血前给药,最近生过病怎么办
0,血压与献血有什么关系,蹲下再站起来会头晕或眼前一片黑可以献血吗
0,献血后会不会头晕,平时我要体力劳动怎么办
1,感冒是否可以献血,感冒可以献血吗
1,什么情况下输血才需要加温,什么时候输血需要加温
0,AB血型的人怎样选择美食,献血为何要补充水份
0,常见血液制品有哪些临床用途,献血后血液多长时间能恢复
0,为什么采血时塑料采血袋在不停地摆动,血液流速与什么因素有关
0,献血和输血有何不同,银屑病患者可以献血吗
0,按压针眼的三大忌,O血型人容易生哪些病
0,Rh阴性血与Rh阳性血相比，在采集、制备和储存一样吗,采血袋中最常用的抗凝剂是什么
0,ABO血型鉴定的原理是什么,献血和输血有何不同
1,我的血如果不好怎么办,我怕我的血不合格
0,我害怕献血怎么办,空腹献血者为什么偶尔可出现低血糖性昏厥
0,献血会不会上瘾,有血液恐惧症怎么办
0,献血时紧张怎么办,捐献成分血会不会感染疾病
0,血液为什么是咸的,“中国造血干细胞捐献者资料库”的哪些工作是与国际先进水平接轨的
0,我献出的血液，采供血机构会不会拿去卖掉呢,献血的8种好处，您知道多少
0,是谁第一个将人血输给人的,国家实行什么献血制度
0,人体哪些器官有贮血功能,献血为何要补充水份
0,血型能改变吗,血液流速与什么因素有关
1,全血有什么功能,全血有什么功能
1,如何预防输血相关移植物抗宿主病（TA-GVHD）,TA-GVHD怎么预防
0,献血的8种好处，您知道多少,流动献血车属于哪个医院的
0,献血前是吃饱了去，还是空腹呢,捐献造血干细胞有报酬吗
0,献血前是吃饱了去，还是空腹呢,我的血为什么不能输给他
0,为什么献完血要按压针眼及上方5—10分钟,新冠肺炎疫情常态化防控怎么做
1,每次献血献少点好吗？献血200毫升与400毫升哪个更有益,献200ml还是400毫升？有什么区别
1,献血会影响体力吗,献血会不会影响健康，会不会减少体力
0,为什么推行捐献采成分血,血型不对，难道我是捡来的
0,哪些人不适合献血,输过血的人，为什么要1年后才能献血
0,平常还要体育锻炼怎么办,血压是怎样形成的
0,献血后要进补吗,为什么艾滋病病毒抗体（HIV抗体）阳性不能献血
1,为什么鼓励一次献血400毫升,为什么鼓励一次献血400毫升
0,白细胞膜上的抗原可分为几类,造血干细胞移植可治疗哪些疾病
0,什么情况下输血才需要加温,献血能降血脂
0,AB血型的人怎样选择美食,献血要经过哪些步骤
0,滤除血液中白细胞的时机有什么意义,外科输血如何进行
0,献血能降血脂,正常情况下心血管内的血液为什么不发生凝固
0,输血是 越“新鲜”越好吗,如何计算每袋全血的重量
1,每次献血献少点好吗,每次献血献少点好吗
0,捐血的时候容易被传染疾病吗,为什么有的人献血后会头晕
0,白细胞膜上的抗原可分为几类,为什么需要不同的血液成分
0,不知道献血码怎么查询献血记录,血液的颜色是什么
0,“萌萌哒”血小板为啥那么小,献血后该如何止血
1,血液是否有有效期,血液是否有有效期
0,献血后为什么手臂会出现淤血,捐机采成分血和捐献全血有区别吗
0,献血能降血脂,Rh（－）者如何自我保护
0,急性等容稀释式自身输血（ANH）要注意哪些问题,献血会不会上瘾
0,害怕针怎么办,如果贫血怎么还可以献血吧
0,为什么鼓励一次献血400毫升,献血会传染疾病吗
0,献血会导致身体发胖吗,白细胞膜上的抗原可分为几类
1,什么是不规则抗体,不规则抗体的定义是什么
0,血液流速与什么因素有关,为什么献完血要按压针眼及上方5—10分钟
0,献血前连豆浆也不能喝,输血不畅如何处理
1,输血时若遇含有冷凝集素的血时怎么办,输血时若遇含有冷凝集素的血时怎么办
0,为什么说全血并不全,《献血法》对医疗机构临床用血有什么规定
0,血液流出体外为什么会凝固,血型漫画丨难忘的端午节，你们都是怎么包粽子的
1,采血时血液流速会影响血液质量吗,采血时血液流速会影响血液质量吗
0,Rh阴性为何如此“稀有”,选择性IgA缺乏者有何输血风险
0,宝宝的性格遗传谁多一些呢,人体的血液是如何循环的
0,血液流速与什么因素有关,非那根和地塞米松是否要作为常规输血前给药
0,血液黏稠度高怎么办,捐机采成分血对身体有什么影响吗
1,健康者在多大年龄适合捐献造血干细胞,健康者在多大年龄适合捐献造血干细胞
1,为什么推行捐献采成分血,为什么推行捐献采成分血
1,血站对采集的血液要做怎样的处理,血站对采集的血液要做怎样的处理
0,O型血可以输给任何血型的人吗,献血前是吃饱了去，还是空腹呢
0,捐献全血的流程包括什么,献全血好还是血小板好？献血的10个小纠结，一次解决
0,献血是不是应该有偿,身体里有多余的血吗
0,为什么要推行机采成分血,捐献造血干细胞你了解多少
0,什么是血液的比重,B型血者如何真正快乐起来
1,血清弱D表型孕产妇应视为RhD阴性吗,血清弱D表型孕产妇是rhd阴性吗
0,捐献成分血会不会感染疾病,你接种的新冠病毒疫苗是哪种？间隔多久能献血？一文告诉你
1,献血后如何保护针眼,献血后如何保护针眼
1,血型是怎样遗传的,血型遗传规律是什么
0,为什么献血检测结果与医院检验结果不一样,出现意外伤害时献血也不迟吧
1,HIV(人类免疫缺陷病毒抗体)的检测意义是什么,HIV(人类免疫缺陷病毒抗体)的检测意义是什么
0,无偿献血者应受到哪些奖励,捐献者需要承担什么费用吗
0,为什么献血针眼处有时会淤青,造血干细胞移植可治疗哪些疾病
0,O型全血是万能血吗,献血前连豆浆也不能喝
0,血液流速与什么因素有关,血清弱D表型孕产妇应视为RhD阴性吗
0,为什么要实行无偿献血制度,孕妈妈为什么要了解自己的血型呢
0,献血前不能吃豆浆牛奶鸡蛋咸菜，这些“经验”是怎么来的,《献血法》鼓励哪些人率先参加献血
0,我国公民参加献血的年龄规定是多少,护士对安全输血起什么作用
1,为什么采血时塑料采血袋在不停地摆动,采血时血袋为什么不停摆动
0,献血者有哪些权利应受保护,献血中出现低血糖性昏厥该如何处理
0,国家有关无偿献血的表彰及献血者的权利有哪些,献血后如何保护针眼
1,献血后饮食如何调理,献血后吃什么好
0,餐后献血会大大减少献血反应吗,献血后要进补吗
0,A型血易感新冠肺炎,献血前是吃饱了去，还是空腹呢
0,献血后血液多长时间能恢复,白细胞膜上的抗原可分为几类
0,献血丢失的血液需要多久能恢复？需要“静养”、“进补”吗,捐机采成分血对身体有什么影响吗
1,红细胞是怎样携带氧气的,红细胞是怎样携带氧气的
0,哪一年ABO血型系统正式命名的,献血时紧张怎么办
1,血液为什么是咸的,血液怎么是咸的
0,为什么无偿献血，但输血却要收费,献血能降血脂
0,如果贫血怎么还可以献血吧,献血后该如何止血
0,O型全血是万能血吗,公民如何参加献血
1,既然是无偿献血，用血时为什么要收费,既然是无偿献血，用血时为什么要收费
1,献血是不是应该有偿,献血是不是应该给与一定的物质奖励
0,熊猫血会遗传吗 熊猫血怎么遗传,人的血液是从哪儿产生的
0,母体与胎儿血相同吗,你接种的新冠病毒疫苗是哪种？间隔多久能献血？一文告诉你
0,血小板的“神奇功效”，您知道几个,捐机采成分血对身体有什么影响吗
0,平时我要体力劳动怎么办,献血后饮食如何调理
0,献血前是吃饱了去，还是空腹呢,捐献者需要承担什么费用吗
1,临床医生应怎样对待输血,临床医生应怎样对待输血
0,血液是否有有效期,为什么献血需核对身份证
0,我的血如果不好怎么办,献血前是吃饱了去，还是空腹呢
1,人的血型会改变吗,什么情况下，人的血型会发生改变
1,你接种的新冠病毒疫苗是哪种？间隔多久能献血？一文告诉你,你接种的新冠病毒疫苗是哪种？间隔多久能献血？一文告诉你
0,献血后血液多长时间能恢复,母体与胎儿血相同吗
0,采集造血干细胞的方法是怎样的,人体内血液总量是多少
1,无偿献血者应受到哪些奖励,无偿献血者应受到哪些奖励
0,哪一年ABO血型系统正式命名的,输过血的人可以献血吗
1,捐血的时候容易被传染疾病吗,献血会感染疾病吗
0,为什么只有你献完血手臂上有淤青,B型血者如何真正快乐起来
1,第VIII因子浓缩剂与冷沉淀在适应症方面有什么区别,第VIII因子浓缩剂与冷沉淀在适应症方面有什么区别
1,为什么有的人会晕血,为什么有的人会晕血
1,采血方式有哪几种,有几种采血方式
0,怎样配合医生进行输血,Rh阴性患者如何输血
0,公民献血后，采供血机构应发给献血者什么凭证,人的血管能有多长
0,血液的主要组成成分有哪些,每次献血献少点好吗？献血200毫升与400毫升哪个更有益
0,体育锻炼热衷者能参加献血吗,我的血如果不好怎么办
0,Rh（－）者输血供应有保障吗,如何计算每袋全血的重量
1,输血可以引起哪些疾病,输血可以引起哪些疾病
1,对献血反应该如何处理,对献血反应该如何处理
0,Rh阴性患者如何输血,献血会不会上瘾
0,献血后该如何止血,病人大出血时，输血应注意什么
0,急性等容稀释式自身输血（ANH）要注意哪些问题,HIV(人类免疫缺陷病毒抗体)的检测意义是什么
1,献血的8种好处，您知道多少,献血的好处
1,选择性IgA缺乏者有何输血风险,选择性IgA缺乏者输血有什么风险
0,捐机采成分血对身体有什么影响吗,是否献一次血后必须不断的献血
0,你的血型暗藏什么致命疾病,还有什么血型系统与输血关系很大
0,冷沉淀外观是怎样的,爱喝酒的人血液里的酒精会不会太多
1,美国红十字会采供血机构如何做献血后告知与咨询,美国红十字会采供血机构如何做献血后告知与咨询
0,献血前不能吃豆浆牛奶鸡蛋咸菜，这些“经验”是怎么来的,血液的颜色是什么
0,一名健康的公民一生可以捐献多少全血,平常还要体育锻炼怎么办
1,你的血型暗藏什么致命疾病,你的血型暗藏什么致命疾病
0,为什么直系亲属之间不能相互献血,献血可以减肥吗
0,公民献血后，采供血机构应发给献血者什么凭证,为什么献血检测结果与医院检验结果不一样
0,爱喝酒的人血液里的酒精会不会太多,哪些情况需要输血
0,从血型看寿命长短 哪个血型的人最长寿,血液黏稠度高怎么办
1,献血时紧张怎么办,我晕血，献血时紧张怎么办
0,是谁第一个发现了血型,国际社会公认的“无偿献血者”的概念是什么
0,人体内的血液总量有多少,献血时紧张怎么办
1,如何评价血小板减少性紫癜的疗效,血小板减少性紫癜有什么用
0,第VIII因子浓缩剂与冷沉淀在适应症方面有什么区别,白细胞膜上的抗原可分为几类
0,公民献血后，采供血机构应发给献血者什么凭证,献血后，教你如何正确补血
0,献血前是吃饱了去，还是空腹呢,血小板是否必须同型输注
0,空腹献血者为什么偶尔可出现低血糖性昏厥,为什么献血时要携带有效身份证件
0,为什么献血需核对身份证,《献血法》鼓励哪些人率先参加献血
0,输血是 越“新鲜”越好吗,为什么血液的颜色有差别
1,捐献全血的流程包括什么,捐献全血过程是什么
0,怎样配合医生进行输血,如何评价血小板减少性紫癜的疗效
0,如何采集造血干细胞,红细胞是怎样携带氧气的
1,白细胞膜上的抗原可分为几类,人类白细胞膜上的抗原有几类
0,美国红十字会采供血机构如何做献血后告知与咨询,献血后为防止针眼感染一般多少天内不要沾水
1,病人大出血时，输血应注意什么,大出血患者如何输血
1,宝宝的性格遗传谁多一些呢,孩子的性格遗传谁多点
0,在采血车内献血，血液质量有保证吗,输血与血型之间的关系是什么
1,采血袋中最常用的抗凝剂是什么,采血袋中最常用的抗凝剂是什么
1,Rh阴性患者是否只能使用Rh阴性血,ru阴性血可以用别的血型代替吗
1,献血丢失的血液需要多久能恢复_需要“静养”、“进补”吗,献血后血液需要多久能恢复？需要“静养”、“进补”吗
0,哪些人不适合献血,为什么45-55岁的健康者不再接受采集造血干细胞登记
1,《献血法》对医疗机构临床用血有什么规定,《献血法》对医疗机构临床用血有什么规定
0,《献血法》鼓励哪些人率先参加献血,孕妇为什么要做血型鉴定
0,Rh阴性患者如何输血,健康者在多大年龄适合捐献造血干细胞_标准如何
1,一名健康的公民一生可以捐献多少全血,一名健康的公民一生可以献多少血
0,肝素是如何抗凝的,既然是无偿献血，用血时为什么要收费
0,如何评价血小板减少性紫癜的疗效,白细胞是怎样排除异己的
0,输血能成为埃博拉病毒感染者的新希望吗,国际社会公认的“无偿献血者”的概念是什么
1,献血前是吃饱了去，还是空腹呢,献血之前需要保持空腹吗
1,为什么要实行无偿献血制度,为什么要实行无偿献血制度
1,熊猫血会遗传吗 熊猫血怎么遗传,Rh阴性血会遗传吗以及遗传规律
0,献血会不会上瘾,红细胞为什么有时候需要冻存
0,让职工上班时间献血，单位的损失不是太大了吗,为什么无偿献血，但输血却要收费
0,全血有什么功能,献血会不会感染上疾病
0,献血前是吃饱了去，还是空腹呢,献血后为什么手臂会出现淤血
0,你还在纠结捐献200毫升还是400毫升么,为什么鼓励一次献血400毫升
0,病人大出血时，输血应注意什么,血液有代用品吗
0,空腹献血者为什么偶尔可出现低血糖性昏厥,输过血的人，为什么要1年后才能献血
1,从血型看寿命长短 哪个血型的人最长寿,从血型看寿命长短 哪个血型的人最长寿
0,平常还要体育锻炼怎么办,献血前不能吃豆浆牛奶鸡蛋咸菜，这些“经验”是怎么来的
1,O型全血是万能血吗,O型血是万能的吗
1,血小板的“神奇功效”，您知道几个,血小板的功能
0,为什么推行捐献采成分血,我自己都贫血了，怎能献血呢
0,胎儿也有血型吗,为什么在献血登记前要求填写健康征询表
1,为什么无偿献血，但输血却要收费,为什么献血免费，输血要钱
0,白细胞膜上的抗原可分为几类,血型不对，难道我是捡来的
0,是不是献了一次血后，就必须不停地献血,辐照红细胞的适应症有哪些
0,如何知道自己已成为捐献造血干细胞志愿者,国际社会公认的“无偿献血者”的概念是什么
1,为什么还要填写捐献者的两位不同住址的亲属或朋友的姓名和联系方式,填写捐献者的两位不同住址的亲属或朋友的姓名和联系方式的原因是什么
0,血清弱D表型孕产妇应视为RhD阴性吗,《献血法》鼓励哪些人率先参加献血
0,RhD阴性患者如何输注血小板,蹲下再站起来会头晕或眼前一片黑可以献血吗
1,血小板是否必须同型输注,血小板是否必须同型输注
1,人体急需血液时，自身哪些器官可以供血,人体身上的血液新陈代谢是靠哪些器官代谢的
0,为什么45-55岁的健康者不再接受采集造血干细胞登记,人的血管能有多长
0,如果贫血怎么还可以献血吧,夏季献血，那些你不知道的事
0,献血是不是应该有偿,护士对安全输血起什么作用
1,哪些人符合献血的条件,哪些人符合献血的条件
0,献血后为防止针眼感染一般多少天内不要沾水,为什么需要不同的血液成分
0,血液的主要组成成分有哪些,输血与血型之间的关系是什么
0,人体血容量究竟是怎么算出来的,献血能降血脂
1,为什么在献血登记前要求填写健康征询表,为什么在献血登记前要求填写健康征询表
0,红细胞是怎样携带氧气的,"我献出的血液,采供血机构会如何处理"
1,交叉配血是怎么回事,交叉配血啥意思
0,正常人献血200~400毫升后在饮食上应注意什么,为什么献血需核对身份证
0,为什么献血使用的针头比一般的粗,献血会不会上瘾
0,滤除血液中白细胞的时机有什么意义,国际社会公认的“无偿献血者”的概念是什么
0,为什么推行捐献采成分血,国家有关无偿献血的表彰及献血者的权利有哪些
0,献血后身体会发胖吗,血液的主要组成成分有哪些
0,Rh是如何遗传的,血液检验报告单上的“两对半”啥意思
0,亲属间输血安全吗,我的血如果不好怎么办
1,捐机采成分血和捐献全血有区别吗,捐机采成分血和捐献全血有区别吗
1,为什么血压不合格不能献血,高血压病为什么不能献血
0,"捐血是吃饱了再去呢,还是空腹",病人大出血时，输血应注意什么
0,白细胞膜上的抗原可分为几类,血液的主要组成成分有哪些
1,捐献造血干细胞你了解多少,捐献造型干细胞你了解吗
0,如何计算每袋全血的重量,交叉配血是怎么回事
0,为什么不能输脂肪血,母体与胎儿血相同吗
0,《献血法》鼓励哪些人率先参加献血,正常人献血200~400毫升后在饮食上应注意什么
0,人体内血液总量是多少,晕血？原来是血管迷走神经的过度反应
0,献血要经过哪些步骤,红细胞为什么有时候需要冻存
0,捐献单采血小板的程序是怎样的,什么情况下输血才需要加温
0,捐机采成分血和捐献全血有区别吗,高脂血患者平时怎么吃
1,献血前你想好了么,献血前你需要了解这些
0,献血前是吃饱了去，还是空腹呢,Rh（－）者如何自我保护
0,哪一年ABO血型系统正式命名的,如何采集造血干细胞
0,是谁第一个将人血输给人的,献血前是吃饱了去，还是空腹呢
0,为什么无偿献血，但输血却要收费,为什么献血前有的人心里感到紧张
1,人失血多少会有生命危险,人失血的最大限度
0,公民献血应遵守哪些规定,为什么少数人会发生献血反应
0,你接种的新冠病毒疫苗是哪种？间隔多久能献血？一文告诉你,献全血好还是血小板好？献血的10个小纠结，一次解决
0,非那根和地塞米松是否要作为常规输血前给药,献血后血液多长时间能恢复
0,目前临床输血进展如何,宝宝的性格遗传谁多一些呢
0,血压是怎样形成的,献血被拒绝，您知道为什么吗
0,我害怕献血怎么办,广州血液中心是什么机构
0,献血前不能吃豆浆牛奶鸡蛋咸菜，这些“经验”是怎么来的,献血能喝咖啡吗
1,害怕针怎么办,害怕针怎么办
1,血液流出体外为什么会凝固,血液流出体外为什么会凝固
0,身体里有多余的血吗,从血型看寿命长短 哪个血型的人最长寿
0,让职工上班时间献血，单位的损失不是太大了吗,血液流速与什么因素有关
1,血型有好坏之分吗,血型能分出好坏吗
0,如何采集造血干细胞,为什么推行捐献采成分血
1,怎样正确自己测血压,怎么自己测血压
1,献血后血液多长时间能恢复,献血后到底需要多久才能恢复到献血前的状态
0,为什么采血时塑料采血袋在不停地摆动,血液检验报告单上的“两对半”啥意思
0,献血前你想好了么,血液流出体外为什么会凝固
1,捐献造血干细胞你了解多少,捐献造血干细胞你了解多少
0,献血能降血脂,新冠肺炎疫情常态化防控怎么做
0,人体内有哪些造血器官,是谁第一个将人血输给人的
1,献血前不能吃豆浆牛奶鸡蛋咸菜，这些“经验”是怎么来的,献血前不能吃豆浆牛奶鸡蛋，这些“经验”是从哪里来的
1,血液检验报告单上的“两对半”啥意思,两对半是啥意思
0,人的血液是从哪儿产生的,母婴哪些血型会发生新生儿溶血症
1,为什么直系亲属之间不能相互献血,为什么非直系亲属可以相互献血.直系亲属之间反而不能呢
0,O型全血是万能血吗,如何计算每袋全血的重量
0,O型全血是万能血吗,O血型人容易生哪些病
0,中老年人如何降低高血液粘稠度,献血时紧张怎么办
0,夏天献血可以喝盐分饮料吗,如何计算每袋全血的重量
0,您知道血型工作者已经为您做了哪些工作吗,献血和输血有何不同
0,红细胞是怎样携带氧气的,机采血浆是如何操作的
0,献血前是吃饱了去，还是空腹呢,还有什么血型系统与输血关系很大
0,成分献血是什么概念,交叉配血是怎么回事
0,红细胞为什么有时候需要冻存,害怕针怎么办
1,如何计算每袋全血的重量,如何计算一袋血的重量
0,献血对身体有害吗,血液的颜色是什么
1,在采集造血干细胞前为什么要对捐献者使用造血干细胞动员,在采集造血干细胞前为什么要对捐献者使用造血干细胞动员
1,白细胞膜上的抗原可分为几类,人类白细胞膜上的抗原的类别
0,人体内血液总量是多少,为什么纹身、打耳洞一年内不能献血
1,让职工上班时间献血，单位的损失不是太大了吗,让职工上班时间献血，单位的损失不是太大了吗
0,血型有好坏之分吗,为什么直系亲属之间不能相互献血
1,为什么推行捐献采成分血,为什么提倡成分献血
0,在采集造血干细胞前为什么要对捐献者使用造血干细胞动员,献血后血液多久可以恢复
0,献血后为防止针眼感染一般多少天内不要沾水,为什么血压不合格不能献血
1,孕妇为什么要做血型鉴定,孕妇需要血型鉴定的原因是什么
1,捐机采成分血和捐献全血有区别吗,成分献血和献全血的区别
1,孕妇为什么要做血型鉴定,孕妇为什么要做血型鉴定
0,献血丢失的血液需要多久能恢复？需要“静养”、“进补”吗,输血与血型之间的关系是什么
1,如何知道自己已成为捐献造血干细胞志愿者,如何确认自己是否为捐献造血干细胞志愿者
0,献血后多长时间才能参加运动,血型不对，难道我是捡来的
0,秋冬季献血应注意什么,《献血法》鼓励哪些人率先参加献血
0,献血前连豆浆也不能喝,献血影响健康吗
0,哪些人符合献血的条件,人体哪些器官有贮血功能
1,血型能改变吗,血型能改变吗
1,为什么直系亲属间输血并不安全,为什么直系亲属间输血并不安全
1,你还在纠结捐献200毫升还是400毫升么,献400ml还是200ml好
0,捐献者需要承担什么费用吗,已经献过血了，可以不献了吧
0,血型可以人为改变吗,献血前连豆浆也不能喝
0,输血浆也需要血型相同吗,还有什么血型系统与输血关系很大
1,献血的8种好处，您知道多少,献血的好处是什么
0,餐后献血会大大减少献血反应吗,血型能改变吗
0,如果贫血怎么还可以献血吧,献血会不会上瘾
0,献血会不会感染上疾病,为什么纹身、打耳洞一年内不能献血
0,不同血型的人可以互相输血吗,献血后为防止针眼感染一般多少天内不要沾水
0,献血后会不会头晕,血型有好坏之分吗
1,选择性IgA缺乏者有何输血风险,选择性IgA缺乏者有何输血风险
0,捐献造血干细胞影响身体健康吗,不知道献血码怎么查询献血记录
0,你给血管洗澡了吗,熊猫血会遗传吗 熊猫血怎么遗传
0,在亲子鉴定中首先应考虑什么系统,常见血液制品有哪些临床用途
0,不同血型的人可以互相输血吗,捐献成分血会不会感染疾病
0,献血前应该喝糖水还是盐水,献血能降血脂
0,捐献后的血液需要低温保存吗,我很怕痛，献血会痛吗
1,采血量不足的血液为何不能输注给患者,采血量不足的血液为何不能输注给患者
0,孕妇为什么要做血型鉴定,捐机采成分血对身体有什么影响吗
0,捐机采成分血对身体有什么影响吗,公民献血应遵守哪些规定
1,我很怕痛，献血会痛吗,我很怕痛，献血会痛吗
1,献血前是吃饱了去，还是空腹呢,献血是吃饱了再去还是空腹去呀
0,母体与胎儿血相同吗,宝宝的性格遗传谁多一些呢
1,献血前应该喝糖水还是盐水,献血前喝糖水还是盐水
0,冷沉淀外观是怎样的,正常人献血200~400毫升后在饮食上应注意什么
0,为什么需要不同的血液成分,如何预防献血中出现低血糖性昏厥
1,Rh阴性血与Rh阳性血相比，在采集、制备和储存一样吗,Rh阴性血与Rh阳性血相比，在采集、制备和储存一样吗
1,献血能降血脂,献血能降血脂
0,捐机采成分血和捐献全血有区别吗,献全血好还是血小板好？献血的10个小纠结，一次解决
0,输血可以引起哪些疾病,为什么无偿献血，但输血却要收费
0,献血后怎样查询血液检测结果,熊猫血会遗传吗 熊猫血怎么遗传
0,什么人可以参加献血,血压是怎样形成的
0,最近生过病怎么办,献血会传染疾病吗
0,献血会传染疾病吗,输血可以引起哪些疾病
1,献血会不会上瘾,献血会不会上瘾
0,人体内有哪些造血器官,献血和输血有何不同
0,献血后怎样查询血液检测结果,血液的主要组成成分有哪些
1,如何预防献血中出现低血糖性昏厥,献血采血中发生晕厥的预防措施
0,献血中出现低血糖性昏厥该如何处理,献血能喝咖啡吗
0,献血影响健康吗,为什么血压不合格不能献血
0,血小板为什么会输注无效,为什么临床输血常用枸橼酸盐作抗凝剂
1,为什么献血前有的人心里感到紧张,为什么献血前有的人心里感到紧张
1,新冠肺炎疫情常态化防控怎么做,新冠疫情越来越严重了，怎么办
1,急性等容稀释式自身输血（ANH）要注意哪些问题,ANH有哪些注意事项
0,怎样正确自己测血压,O血型人容易生哪些病
0,有血液恐惧症怎么办,人的血型会改变吗
0,Rh是如何遗传的,献血可能会导致“贫血”吗
0,一年献一次献血量算多吗,《献血法》对医疗机构临床用血有什么规定
0,HIV(人类免疫缺陷病毒抗体)的检测意义是什么,Rh阴性患者是否只能使用Rh阴性血
1,献血前你想好了么,献血前，你对献血有多少了解
0,为什么有的人会晕血,机采血浆是如何操作的
1,我害怕献血怎么办,我怕疼，不想献血怎么办
1,献血会不会上瘾,经常献血会上瘾吗
0,身体里有多余的血吗,人体内有哪些造血器官
1,滤除血液中白细胞的时机有什么意义,什么时候滤除血液中的白细胞
0,什么是血液的比重,秋冬季献血应注意什么
0,为什么献血时要携带有效身份证件,人的血液是从哪儿产生的
1,献血会不会感染上疾病,无偿献血会感染上疾病吗
1,体育锻炼热衷者能参加献血吗,经常锻炼可以献血吗
1,国家实行什么献血制度,无偿献血制度什么时候开始实施的
0,为什么无偿献血，但输血却要收费,献血后血液多长时间能恢复
0,血小板是怎样止血的,输过血的人，为什么要1年后才能献血
0,每次献血献少点好吗？献血200毫升与400毫升哪个更有益,输血浆也需要血型相同吗
1,报名后是否可以随时改变捐献造血干细胞的决定,报名捐献造血干细胞，可以随时取消捐献吗
1,空腹献血者为什么偶尔可出现低血糖性昏厥,空腹献血者为什么偶尔可出现低血糖性昏厥
0,为什么献血无偿而用血有偿,献血前你想好了么
1,献血后该如何止血,献血后该如何止血
0,怎样正确自己测血压,病人大出血时，输血应注意什么
0,红细胞是怎样携带氧气的,什么是血液的比重
0,白细胞是怎样排除异己的,体内HIV可完全清除
0,为什么要控制采血的“量”,一年献一次献血量算多吗
0,"捐血是吃饱了再去呢,还是空腹",健康者在多大年龄适合捐献造血干细胞
0,交叉配血是怎么回事,按压针眼的三大忌
0,输过血的人，为什么要1年后才能献血,血型能改变吗
0,血型可以人为改变吗,什么人可以参加献血
0,人体造血的原料是什么,你接种的新冠病毒疫苗是哪种？间隔多久能献血？一文告诉你
1,捐献成分血会不会感染疾病,献机采成分血会不会感染疾病
1,国家制定《献血法》的目的是什么,献血法制定的意义
1,Rh是如何遗传的,rh血型遗传规律是什么
1,在亲子鉴定中首先应考虑什么系统,亲子鉴定最常用的系统
0,献血时紧张怎么办,献血后血液多长时间能恢复
1,按压针眼的三大忌,按压针眼的三大忌
0,RhD阴性患者如何输注血小板,血小板为什么会输注无效
0,临床医生应怎样对待输血,献血能喝咖啡吗
0,害怕针怎么办,血型能变吗
1,人体内血液总量是多少,我们的身体里到底有多少血液
0,什么是不规则抗体,"捐血是吃饱了再去呢,还是空腹"
0,人的血型会改变吗,感冒是否可以献血
0,献血时紧张怎么办,红细胞为什么有时候需要冻存
0,献血中出现低血糖性昏厥该如何处理,母婴哪些血型会发生新生儿溶血症
0,献血影响健康吗,献血后饮食如何调理
0,公民献血应遵守哪些规定,既然是无偿献血，用血时为什么要收费
0,是谁第一个发现了血型,O型全血是万能血吗
0,健康者在多大年龄适合捐献造血干细胞_标准如何,血液流速与什么因素有关
1,人体哪些器官有贮血功能,人体具有贮血功能的器官
0,我国公民参加献血的年龄规定是多少,无偿献血者应受到哪些奖励
1,血液流出体外为什么会凝固,血液在体外为什么会凝固
0,如果贫血怎么还可以献血吧,献血会影响体力吗
0,你给血管洗澡了吗,对献血反应该如何处理
0,我自己都贫血了，怎能献血呢,捐献成分血会不会感染疾病
0,输血与血型之间的关系是什么,什么人可以参加献血
0,Rh（－）者输血供应有保障吗,爱喝酒的人血液里的酒精会不会太多
0,血液流速与哪些因素有关,贮存式自身输血要注意哪些问题
1,急性等容稀释式自身输血（ANH）要注意哪些问题,急性等容稀释式自身输血（ANH）要注意哪些问题
1,熊猫血会遗传吗 熊猫血怎么遗传,Rh阴性血会遗传吗，Rh阴性血怎么遗传
0,血液流出体外为什么会凝固,为什么血压不合格不能献血
1,血清弱D表型孕产妇应视为RhD阴性吗,血清弱D表型孕产妇应视为RhD阴性吗
0,血型可以人为改变吗,为什么献血使用的针头比一般的粗
0,人体血容量究竟是怎么算出来的,血小板的“神奇功效”，您知道几个
0,为什么要保管好《无偿献血证》,人体哪些器官有贮血功能
0,献血后身体会发胖吗,献血后，教你如何正确补血
0,Rh血型是如何遗传的,献血后血液多长时间能恢复
0,为什么在献血登记前要求填写健康征询表,为什么直系亲属之间不能相互献血
0,献血前应做哪些准备,为什么有的人献血后会头晕
0,正常人献血200~400毫升后在饮食上应注意什么,献血能降血脂
0,正常情况下心血管内的血液为什么不发生凝固,血液为什么是咸的
0,献血影响健康吗,血小板的“神奇功效”，您知道几个
0,献血前你想好了么,捐机采成分血和捐献全血有区别吗
0,为什么鼓励一次献血400毫升,白细胞膜上的抗原可分为几类
0,献血后要进补吗,血压是怎样形成的
0,为什么推行捐献采成分血,Rh（－）者输血供应有保障吗
1,献血后怎样查询血液检测结果,如何查询血液检测后的结果
0,输血不畅如何处理,血液为什么是咸的
1,献血后多久可以喝酒,献血后多久可以喝酒
0,为什么45-55岁的健康者不再接受采集造血干细胞登记,献血中出现低血糖性昏厥该如何处理
0,献血时紧张怎么办,你给血管洗澡了吗
0,让职工上班时间献血，单位的损失不是太大了吗,为什么献血针眼处有时会淤青
0,血小板为什么会输注无效,血压是怎样形成的
0,害怕针怎么办,贮存式自身输血要注意哪些问题
1,我很怕痛，献血会痛吗,献血会很痛吗
0,献血后如何保护针眼,血液的主要组成成分有哪些
0,目前临床输血进展如何,献血会传染疾病吗
0,为什么献血前有的人心里感到紧张,为什么需要献血
1,血液的主要组成成分有哪些,血液由什么组成
1,献血时紧张怎么办,献血时紧张如何处理
0,自体输血适合您吗,怎样成为一名捐献造血干细胞志愿者
1,平常还要体育锻炼怎么办,平常还要体育锻炼怎么办
0,输血可以引起哪些疾病,为什么献血使用的针头比一般的粗
1,血液检验报告单上的“两对半”啥意思,血液检验报告单上的“两对半”啥意思
0,为什么献血需核对身份证,采血时血液流速会影响血液质量吗
0,国家制定《献血法》的目的是什么,如果贫血怎么还可以献血吧
1,血型与器官移植有关吗,血型与器官移植有何关系
0,人体的血液是如何循环的,捐献造血干细胞有报酬吗
0,为什么献血时要携带有效身份证件,献血能降血脂
0,献血可以减肥吗,血液可以买卖么?如买卖血液会受到何种处罚
0,造血干细胞移植可治疗哪些疾病,献血后饮食如何调理
0,平常还要体育锻炼怎么办,输注少白细胞红细胞的临床意义有哪些
0,母婴哪些血型会发生新生儿溶血症,献血后会不会头晕
0,《中华人民共和国献血法》是何时通过、何时实施的,富血小板的血浆治疗确实有效吗
0,输过血的人可以献血吗,是不是献了一次血后，就必须不停地献血
1,辐照红细胞的适应症有哪些,辐照红细胞的适应症有哪些
1,血液有代用品吗,血液代用品是什么
0,为什么血压不合格不能献血,你接种的新冠病毒疫苗是哪种？间隔多久能献血？一文告诉你
0,为什么直系亲属之间不能相互献血,献血后为防止针眼感染一般多少天内不要沾水
0,Rh阴性为何如此“稀有”,国际社会公认的“无偿献血者”的概念是什么
0,献血会不会上瘾,目前临床输血进展如何
1,献血能降血脂,献血有利于将血脂吗
1,母婴哪些血型会发生新生儿溶血症,父母哪些血型可以发生新生儿溶血症
0,献血丢失的血液需要多久能恢复_需要“静养”、“进补”吗,人体内有哪些造血器官
0,已经献过血了，可以不献了吧,AB血型的人怎样选择美食
0,餐后献血会大大减少献血反应吗,对非法采供血者的处罚有哪些
1,为什么有的人献血后会头晕,献血后为什么会头晕
0,人体血容量究竟是怎么算出来的,血液流出体外为什么会凝固
0,每次献血献少点好吗？献血200毫升与400毫升哪个更有益,血型可以人为改变吗
0,打疫苗对献血有何影响,还有什么血型系统与输血关系很大
1,捐献造血干细胞对健康有影响吗,捐献造血干细胞会影响健康吗
0,献血后多久可以喝酒,怎样处理单采血小板献血者偶发的缺钙症状
0,为什么需要献血,让职工上班时间献血，单位的损失不是太大了吗
0,为什么血液中心的检测结果不能作为疾病诊断最终结果,为什么要控制采血的“量”
0,交叉配血是怎么回事,为什么血液中心的检测结果不能作为疾病诊断最终结果
0,报名后是否可以随时改变捐献造血干细胞的决定,献血后为防止针眼感染一般多少天内不要沾水
0,为什么鼓励一次献血400毫升,什么是血液的比重
1,血小板是否必须同型输注,血小板必须同型输注吗
0,是否献一次血后必须不断的献血,在采血车内献血，血液质量有保证吗
0,为什么要控制采血的“量”,为什么说全血并不全
0,如果贫血怎么还可以献血吧,献血后饮食如何调理
0,输血是 越“新鲜”越好吗,献血影响健康吗
1,血液流速与哪些因素有关,血液流速与哪些因素有关
0,血站对采集的血液要做怎样的处理,您知道血型工作者已经为您做了哪些工作吗
1,一名健康的公民一生可以献多少血,人的一生可以献多少血
0,哪些人符合献血的条件,血型能改变吗
0,采血袋中最常用的抗凝剂是什么,在亲子鉴定中首先应考虑什么系统
1,献血前连豆浆也不能喝,献血前能喝豆浆吗
0,母婴哪些血型会发生新生儿溶血症,献血后如何按压针眼
0,为什么“受血者”要在受血五年后再献血,目前临床输血进展如何
1,父母的血型与子女的血型有什么关系,血型遗传规律是什么
0,孕妈妈为什么要了解自己的血型呢,如果贫血怎么还可以献血吧
1,如果贫血怎么还可以献血吧,我贫血医生怎么还让我献血
0,为什么无偿献血，但输血却要收费,献血后血液多长时间能恢复
1,血小板为什么会输注无效,血小板为什么会输注无效
0,大姨妈来了为什么不能献血,想献血但勇气不够怎么办
0,你还在纠结捐献200毫升还是400毫升么,如何计算每袋全血的重量
0,白细胞有血型吗,《献血法》对医疗机构临床用血有什么规定
0,捐献造血干细胞你了解多少,抗凝剂是如何抗凝的
1,献血影响健康吗,献血对健康有影响吗
1,富血小板的血浆治疗确实有效吗,什么是富血小板的血浆治疗
0,为什么献血检测结果与医院检验结果不一样,为什么艾滋病病毒抗体（HIV抗体）阳性不能献血
0,《中华人民共和国献血法》是何时通过、何时实施的,为什么只有你献完血手臂上有淤青
0,怎样处理单采血小板献血者偶发的缺钙症状,美国红十字会采供血机构如何做献血后告知与咨询
1,输血是 越“新鲜”越好吗,输血是 越“新鲜”越好吗
0,怎样配合医生进行输血,护士对安全输血起什么作用
0,秋冬季献血应注意什么,如何采集造血干细胞
0,献血可以减肥吗,父母的血型与子女的血型有什么关系
0,献血后身体会发胖吗,白细胞是怎样排除异己的
1,为什么吸毒者被列为献血高危人群,吸毒者可以献血吗
0,美国红十字会采供血机构如何做献血后告知与咨询,血液可以买卖么?如买卖血液会受到何种处罚
0,献血后为防止针眼感染一般多少天内不要沾水,哪些人符合献血的条件
0,血型不对，难道我是捡来的,红细胞是怎样携带氧气的
1,您知道血型工作者已经为您做了哪些工作吗,血型工作者有什么工作内容
1,亲属间输血安全吗,亲人间可以相互输血吗
1,血小板是怎样止血的,血小板是怎样止血的
0,感冒是否可以献血,献血能喝咖啡吗
0,为什么纹身、打耳洞一年内不能献血,献血后身体会发胖吗
0,HLA与输血有什么关系,捐血的时候容易被传染疾病吗
1,女性献血者生理期间能否献血,女性在特殊时期可以献血吗
0,为什么需要献血,输血可以引起哪些疾病
0,输血是治疗贫血最有效的方法吗,有的人为什么见血会晕倒
1,捐献成分血会不会感染疾病,献机采成分血会患病吗
0,采集造血干细胞的方法是怎样的,献血会不会上瘾
1,为什么要控制采血的“量”,为什么要控制采血的“量”
1,富血小板的血浆治疗确实有效吗,富血小板血浆疗法在临床上的有效性和价值
1,女性献血者生理期间能否献血,来大姨妈了可以献血吗
0,献血为何要补充水份,全血为什么需要在4±2℃保存
1,献血后为什么手臂会出现淤血,献血后为什么手臂会出现淤血
1,人的血型会改变吗,人的血型会改变吗
0,输过血的人可以献血吗,献血能喝咖啡吗
1,献血后补充哪种食物才能快速恢复元气,献血后补充哪种食物才能快速恢复元气
0,捐献造血干细胞对健康有影响吗,如何评价血小板减少性紫癜的疗效
0,为什么“受血者”要在受血五年后再献血,献血前是吃饱了去，还是空腹呢
0,献血后怎样查询血液检测结果,Rh阴性患者如何输血
0,“萌萌哒”血小板为啥那么小,肝素是如何抗凝的
0,如何计算每袋全血的重量,输血是治疗贫血最有效的方法吗
0,献血能降血脂,大姨妈来了为什么不能献血
1,献血是不是应该有偿,献血是不是应该有偿
1,病人大出血时，输血应注意什么,大出血后大输血的处理
0,为什么有的人会晕血,每次献血献少点好吗？献血200毫升与400毫升哪个更有益
1,人的血型会改变吗,人的血型在什么情况下会发生改变
0,第VIII因子浓缩剂与冷沉淀在适应症方面有什么区别,血型和性格有关吗
1,献血对身体有害吗,献血会损坏身体吗
1,胎儿也有血型吗,胎儿有血型吗
0,献血为何要补充水份,医疗机构如何履行艾滋病告知义务
0,患过肝炎怎么办,健康者在多大年龄适合捐献造血干细胞_标准如何
1,为什么直系亲属间输血并不安全,亲友间可以输血吗
0,病人大出血时，输血应注意什么,母婴哪些血型会发生新生儿溶血症
0,献血中出现低血糖性昏厥该如何处理,献血后为防止针眼感染一般多少天内不要沾水
0,胎儿也有血型吗,献血后为防止针眼感染一般多少天内不要沾水
0,人体内血液总量是多少,血型能变吗
0,献血后如何按压针眼,有血液恐惧症怎么办
0,目前临床输血进展如何,献血可能会导致“贫血”吗
0,为什么需要不同的血液成分,如何计算每袋全血的重量
0,如何预防献血中出现低血糖性昏厥,捐血的时候容易被传染疾病吗
0,流动献血车属于哪个医院的,辐照红细胞的适应症有哪些
1,为什么献血需核对身份证,没带身份证可以献血吗
0,人体急需血液时，自身哪些器官可以供血,献血中出现低血糖性昏厥该如何处理
1,人体内血液总量是多少,人体内血液总量是多少
1,为什么说全血并不全,为什么说全血并不全
1,献血后血液多长时间能恢复,献血后，多长时间才能恢复
1,为什么无偿献血，但输血却要收费,无偿献血是免费的，为何输血却要钱
1,我献出的血液，采供血机构会不会拿去卖掉呢,我献的血会不会卖掉
1,什么是不规则抗体,什么是不规则抗体
0,献血要经过哪些步骤,为什么直系亲属之间不能相互献血
0,Rh阴性患者如何输血,血小板是怎样止血的
1,献血后血液多久可以恢复,献血后血液多久可以恢复
0,O型血可以输给任何血型的人吗,捐机采成分血和捐献全血有区别吗
1,我很怕痛，献血会痛吗,献血时有疼痛感吗
0,献血前是吃饱了去，还是空腹呢,为什么献血时要携带有效身份证件
1,大姨妈来了为什么不能献血,大姨妈来了为什么不能献血
0,人体内血液总量是多少,为什么血液中心的检测结果不能作为疾病诊断最终结果
0,输血可以引起哪些疾病,你的血型暗藏什么致命疾病
0,捐献单采血小板的程序是怎样的,为什么直系亲属之间不能相互献血
0,捐献造血干细胞有报酬吗,献血会不会感染上疾病
0,为什么直系亲属之间不能相互献血,血小板的“神奇功效”，您知道几个
0,ABO血型系统是如何定型的,目前临床输血进展如何
0,为什么血压不合格不能献血,为什么无偿献血，但输血却要收费
0,血液的颜色是什么,为什么要控制采血的“量”
0,Rh阴性患者是否只能使用Rh阴性血,血压是怎样形成的
1,为什么献血时要携带有效身份证件,为什么献血需核对身份证
0,献血会不会感染上疾病,捐献全血的流程包括什么
0,O血型人容易生哪些病,你接种的新冠病毒疫苗是哪种？间隔多久能献血？一文告诉你
1,血液的用途有哪些,血液的用途有哪些
0,为什么无偿献血，但输血却要收费,为什么血压不合格不能献血
0,血型不对，难道我是捡来的,为什么献血需核对身份证
0,血液的颜色是什么,怎样正确自己测血压
1,如何预防献血中出现低血糖性昏厥,如何预防献血中出现低血糖性昏厥
0,献血前不能吃豆浆牛奶鸡蛋咸菜，这些“经验”是怎么来的,血液的主要功能有哪些
0,“中国造血干细胞捐献者资料库”的哪些工作是与国际先进水平接轨的,B型血者如何真正快乐起来
0,为什么少数人会发生献血反应,HIV(人类免疫缺陷病毒抗体)的检测意义是什么
0,为什么直系亲属间输血并不安全,血压是怎样形成的
1,输血可以引起哪些疾病,输血会引起什么疾病
1,为什么无偿献血，但输血却要收费,既然是无偿献血，用血时为什么要收费
0,正常情况下心血管内的血液为什么不发生凝固,母婴哪些血型会发生新生儿溶血症
0,献血会不会上瘾,为什么献血时要携带有效身份证件
1,采血袋中最常用的抗凝剂是什么,采血袋中最常用的抗凝剂
0,为什么要捐献者本人填写同意书和捐献者登记表,献血后饮食如何调理
0,白细胞膜上的抗原可分为几类,父亲给儿子输血？危险！
0,红细胞为什么有时候需要冻存,献血前是吃饱了去，还是空腹呢
0,造血干细胞移植可治疗哪些疾病,感冒是否可以献血
0,血液流出体外为什么会凝固,为什么献血需核对身份证
0,国家制定《献血法》的目的是什么,捐献成分血会不会感染疾病
0,献血后怎样查询血液检测结果,献血后血液多长时间能恢复
1,报名后是否可以随时改变捐献造血干细胞的决定,报名后是否可以随时改变捐献造血干细胞的决定
0,医疗机构如何履行艾滋病告知义务,富血小板的血浆治疗确实有效吗
1,捐献成分血会不会感染疾病,捐献成分血会不会感染疾病
1,Rh血型是如何遗传的,RH血型怎么遗传
1,人的血型会改变吗,人的血型有可能发生改变吗
0,献血前应该喝糖水还是盐水,捐献单采血小板的程序是怎样的
0,献血后检测不合格是否就表示献血者患有疾病,ABO血型系统是如何定型的
0,我为什么不能献血,献血可以减肥吗
0,为什么献血无偿而用血有偿,为什么要捐献者本人填写同意书和捐献者登记表
0,为什么只有你献完血手臂上有淤青,为什么无偿献血，但输血却要收费
0,美国红十字会采供血机构如何做献血后告知与咨询,献血可以减肥吗
0,血型和性格有关吗,献血能降血脂
0,我很怕痛，献血会痛吗,在采集造血干细胞前为什么要对捐献者使用造血干细胞动员
0,血型能变吗,为什么艾滋病病毒抗体（HIV抗体）阳性不能献血
0,输注红细胞时应该注意什么,献血和输血有何不同
1,害怕针怎么办,晕针可以献血吗
1,输血可以引起哪些疾病,输血会有什么风险
1,孕妈妈为什么要了解自己的血型呢,孕妇需要知道自己的血型吗
0,让职工上班时间献血，单位的损失不是太大了吗,献血时紧张怎么办
1,献血后如何按压针眼,献血后，怎样有效地按压针眼
0,输过血的人，为什么要1年后才能献血,献血后如何按压针眼
1,贫血到什么程度需输血,贫血需要输血吗
0,血液的主要组成成分有哪些,哪些人不适合献血
0,成分献血是什么概念,血液检测后可用和不可用的血液去向
0,血型是怎样遗传的,为什么无偿献血，但输血却要收费
0,为什么献完血要按压针眼及上方5—10分钟,为什么献血检测结果与医院检验结果不一样
0,人的血液是从哪儿产生的,如何预防输血相关移植物抗宿主病（TA-GVHD）
0,为什么说全血并不全,为什么要实行无偿献血制度
0,献血安全吗,为什么45-55岁的健康者不再接受采集造血干细胞登记
0,献血会不会上瘾,采血时血液流速会影响血液质量吗
0,父母的血型与子女的血型有什么关系,输过血的人可以献血吗
0,国家实行什么献血制度,出现意外伤害时献血也不迟吧
0,献血可以减肥吗,不知道献血码怎么查询献血记录
0,护士对安全输血起什么作用,人体急需血液时，自身哪些器官可以供血
0,为什么需要献血,献血会导致身体发胖吗
0,为什么只有你献完血手臂上有淤青,献血后该如何止血
1,白细胞是怎样排除异己的,白细胞怎么发挥作用的
0,宝宝的性格遗传谁多一些呢,哪些情况需要输血
0,血液流速与什么因素有关,为什么直系亲属之间不宜相互献血
1,献血可以减肥吗,献血能帮助减肥吗
0,采血时血液流速会影响血液质量吗,父母的血型与子女的血型有什么关系
0,选择性IgA缺乏者有何输血风险,为什么艾滋病病毒抗体（HIV抗体）阳性不能献血
0,血液流速与哪些因素有关,为什么无偿献血，但输血却要收费
1,人体血容量究竟是怎么算出来的,人体血容量究竟是怎么算出来的
1,还有什么血型系统与输血关系很大,血型系统与输血关系很大的系统是什么系统
0,输血与血型之间的关系是什么,献血对身体有害吗
0,晕血？原来是血管迷走神经的过度反应,为什么有的人会晕血
1,全血有什么功能,全血能干什么
1,目前临床输血进展如何,临床输血新进展
0,为什么少数人会发生献血反应,对非法采供血者的处罚有哪些
0,捐机采成分血和捐献全血有区别吗,"“无偿献血,有偿使用?”是这样的吗"
0,母体与胎儿血相同吗,捐献成分血会不会感染疾病
1,人体哪些器官有贮血功能,人体哪些器官有贮血功能
0,体育锻炼热衷者能参加献血吗,在亲子鉴定中首先应考虑什么系统
1,采血方式有哪几种,采血方式有什么
0,捐机采成分血和捐献全血有区别吗,白细胞膜上的抗原可分为几类
0,献血丢失的血液需要多久能恢复？需要“静养”、“进补”吗,亲属间输血安全吗
0,用于亲子鉴定的有哪几种血型系统,从血型看寿命长短 哪个血型的人最长寿
0,捐献造血干细胞有报酬吗,献血前连豆浆也不能喝
0,献血会导致身体发胖吗,为什么献血前有的人心里感到紧张
1,正常人献血200~400毫升后在饮食上应注意什么,正常人献血200~400毫升后在饮食上应注意什么
0,自体输血适合您吗,为什么要捐献者本人填写同意书和捐献者登记表
1,血压是怎样形成的,血压是怎么产生的
0,对献血反应该如何处理,为什么血压不合格不能献血
0,献血会不会上瘾,夏天献血可以喝盐分饮料吗
0,献血前应做哪些准备,什么人可以参加献血
0,献血中出现低血糖性昏厥该如何处理,月经期间为何不能献血
0,为什么献血前有的人心里感到紧张,夏天献血可以喝盐分饮料吗
0,无偿献血者应受到哪些奖励,献血前不能吃豆浆牛奶鸡蛋咸菜，这些“经验”是怎么来的
0,捐机采成分血和捐献全血有区别吗,是不是献了一次血后，就必须不停地献血
0,捐献造血干细胞你了解多少,平时我要体力劳动怎么办
0,公民献血后，采供血机构应发给献血者什么凭证,什么是血液的比重
0,外科输血如何进行,急性等容稀释式自身输血（ANH）要注意哪些问题
0,怎样成为一名捐献造血干细胞志愿者,为什么无偿献血，但输血却要收费
1,红细胞为什么有时候需要冻存,红细胞保存方式、为什么
0,HIV(人类免疫缺陷病毒抗体)的检测意义是什么,为什么要实行无偿献血制度
1,献血前连豆浆也不能喝,献血前真的不能喝豆浆吗
0,输血是治疗贫血最有效的方法吗,采血时血液流速会影响血液质量吗
0,熊猫血会遗传吗 熊猫血怎么遗传,献血后为防止针眼感染一般多少天内不要沾水
1,“中国造血干细胞捐献者资料库”的哪些工作是与国际先进水平接轨的,“中国造血干细胞捐献者资料库”的哪些工作是与国际先进水平接轨的
1,为什么“受血者”要在受血五年后再献血,为什么“受血者”要在受血五年后再献血
0,人体内的血液总量有多少,人的血型会改变吗
0,为什么献血使用的针头比一般的粗,献血前不能吃豆浆牛奶鸡蛋咸菜，这些“经验”是怎么来的
1,Rh阴性患者是否只能使用Rh阴性血,Rh阴性患者是否只能使用Rh阴性血
0,为什么说全血并不全,一年献一次献血量算多吗
1,白细胞有血型吗,白细胞也是有血型之说的
0,献血和输血有何不同,如何决定输血量
1,献血前应该喝糖水还是盐水,献血前可以喝糖水吗
0,为什么无偿献血，但输血却要收费,献血可能会导致“贫血”吗
0,人的血液是从哪儿产生的,富血小板的血浆治疗确实有效吗
0,采血袋中最常用的抗凝剂是什么,既然是无偿献血，用血时为什么要收费
0,为什么少数人会发生献血反应,为什么血压不合格不能献血
0,献血是不是应该有偿,我很怕痛，献血会痛吗
0,如何计算每袋全血的重量,为什么血压不合格不能献血
0,亲属间输血安全吗,献血前应该喝糖水还是盐水
1,献血为何要补充水份,献血前为什么要喝水
1,什么是不规则抗体,不规则抗体是什么
1,患过肝炎怎么办,患过肝炎可以献血吗
0,为什么直系亲属之间不能相互献血,怎样配合医生进行输血
0,人失血多少会有生命危险,你接种的新冠病毒疫苗是哪种？间隔多久能献血？一文告诉你
1,献血影响健康吗,献血对人体有害吗
0,为什么无偿献血，但输血却要收费,血液的颜色是什么
0,富血小板的血浆治疗确实有效吗,献血能喝咖啡吗
0,医疗机构如何履行艾滋病告知义务,为什么纹身、打耳洞一年内不能献血
0,我害怕献血怎么办,贮存式自身输血要注意哪些问题
1,捐献造血干细胞对健康有影响吗,捐献造血干细胞对健康有影响吗
0,献血前是吃饱了去，还是空腹呢,为什么艾滋病病毒抗体（HIV抗体）阳性不能献血
0,辐照红细胞的适应症有哪些,献血对身体有害吗
0,为什么推行捐献采成分血,血液流出体外为什么会凝固
0,餐后献血会大大减少献血反应吗,我国公民参加献血的年龄规定是多少
0,哪些情况需要输血,献血前连豆浆也不能喝
1,献血能降血脂,定期献血能将血脂吗
0,贮存式自身输血要注意哪些问题,人失血多少会有生命危险
1,高度近视者为何不能献血,近视能献血吗
0,"捐血是吃饱了再去呢,还是空腹",献血要经过哪些步骤
1,为什么少数人会发生献血反应,为什么会发生献血反应
0,如何采集造血干细胞,献血会不会感染上疾病
0,捐献单采血小板的程序是怎样的,献血可以减肥吗
1,国家实行什么献血制度,国家实行什么献血制度
0,Rh阴性为何如此“稀有”,献血前应该喝糖水还是盐水
0,为什么血液的颜色有差别,为什么无偿献血，但输血却要收费
0,献血后如何保护针眼,报名后是否可以随时改变捐献造血干细胞的决定
0,有的人为什么见血会晕倒,为什么吸毒者被列为献血高危人群
0,输血浆也需要血型相同吗,夏天献血可以喝盐分饮料吗
0,一名健康的公民一生可以献多少血,献血后为什么手臂会出现淤血
0,流动献血车属于哪个医院的,血液有代用品吗
1,输血可以引起哪些疾病,输血可以引起哪些感染
1,我害怕献血怎么办,我害怕献血怎么办
0,孕妇为什么要做血型鉴定,如何采集造血干细胞
1,大姨妈来了为什么不能献血,女性在特殊时期为什么不能献血
0,输血为什么有风险,献血后会不会头晕
0,高脂血患者平时怎么吃,人体血容量究竟是怎么算出来的
0,捐献造血干细胞影响身体健康吗,哪些人不适合献血
0,还有什么血型系统与输血关系很大,捐机采成分血对身体有什么影响吗
0,怎样处理单采血小板献血者偶发的缺钙症状,贫血到什么程度需输血
1,血型与器官移植有关吗,血型与器官移植有关吗
0,血液流速与什么因素有关,国家实行什么献血制度
0,既然是无偿献血，用血时为什么要收费,捐机采成分血对身体有什么影响吗
0,大姨妈来了为什么不能献血,我害怕献血怎么办
0,献血前是吃饱了去，还是空腹呢,献血后怎样查询血液检测结果
0,富血小板的血浆治疗确实有效吗,空腹献血者为什么偶尔可出现低血糖性昏厥
1,国家有关无偿献血的表彰及献血者的权利有哪些,国家有关无偿献血的表彰及献血者的权利有哪些
1,血液流出体外为什么会凝固,血液会凝固吗
0,父母的血型与子女的血型有什么关系,为什么在献血登记前要求填写健康征询表
1,HLA与器官移植有什么关系,HLA与器官移植有什么关系
1,为什么少数人会发生献血反应,为什么有些人会出现献血反应
1,无偿献血者应受到哪些奖励,献血可以获取什么奖励
1,患者因严重冷凝集素而引起配血困难怎么办,患者因严重冷凝集素而引起配血困难，应该如何处理
0,流动献血车属于哪个医院的,为什么艾滋病病毒抗体（HIV抗体）阳性不能献血
1,献血后要进补吗,献血后要进补吗
1,献血会不会感染上疾病,献血会不会感染上疾病
1,献血后会不会头晕,献血后会引起头晕吗
1,每次献血献少点好吗？献血200毫升与400毫升哪个更有益,献200ml好还是400毫升好？有什么区别呢
0,为什么纹身、打耳洞一年内不能献血,献血会不会上瘾
0,为什么要保管好《无偿献血证》,如何预防献血中出现低血糖性昏厥
1,献血前是吃饱了去，还是空腹呢,捐献全血和抽血体检一样需要空腹？其实不然！
0,血液的用途有哪些,为什么献血针眼处有时会淤青
1,红细胞在4度条件下为什么不能永久保存,4度条件下，红细胞可以永久保存吗
0,献血会不会感染上疾病,《献血法》对医疗机构临床用血有什么规定
0,你的血型暗藏什么致命疾病,血液的颜色是什么
0,献血能降血脂,父母的血型与子女的血型有什么关系
0,捐献者需要承担什么费用吗,献血能降血脂
0,人的血型会改变吗,献血会不会感染上疾病
0,病人大出血时，输血应注意什么,你的血型暗藏什么致命疾病
0,我为什么不能献血,公民献血后，采供血机构应发给献血者什么凭证
0,献血后要进补吗,高度近视者为何不能献血
1,你接种的新冠病毒疫苗是哪种？间隔多久能献血？一文告诉你,接种灭火新冠病毒疫苗后多久可以献血
0,为什么艾滋病病毒抗体（HIV抗体）阳性不能献血,血液可以买卖么?如买卖血液会受到何种处罚
1,献血前应该喝糖水还是盐水,献血前可以盐水吗
1,肝素是如何抗凝的,肝素抗凝机制是什么
0,夏季献血，那些你不知道的事,为什么45-55岁的健康者不再接受采集造血干细胞登记
0,辐照红细胞的适应症有哪些,选择性IgA缺乏者有何输血风险
0,护士对安全输血起什么作用,我献出的血液，采供血机构会不会拿去卖掉呢
0,健康者在多大年龄适合捐献造血干细胞_标准如何,餐后献血会大大减少献血反应吗
0,为什么献血使用的针头比一般的粗,捐献造血干细胞对健康有影响吗
1,血液流速与什么因素有关,血流速度与哪些因素有关
0,"捐血是吃饱了再去呢,还是空腹",献血丢失的血液需要多久能恢复_需要“静养”、“进补”吗
1,捐献后的血液需要低温保存吗,捐献血液的保存方式是什么
0,为什么要捐献者本人填写同意书和捐献者登记表,我的血如果不好怎么办
1,红细胞是怎样携带氧气的,红细胞是如何携带氧气的
0,造血干细胞移植可治疗哪些疾病,为什么血压不合格不能献血
1,输血浆也需要血型相同吗,输血浆有血型要求吗
1,为什么不提倡近亲输血,为什么不提倡近亲输血
1,我献出的血液，采供血机构会不会拿去卖掉呢,我献出的血液，采供血机构会不会拿去卖掉呢
0,从血型看寿命长短 哪个血型的人最长寿,宝宝的性格遗传谁多一些呢
0,血型漫画丨难忘的端午节，你们都是怎么包粽子的,献血后怎样查询血液检测结果
0,富血小板的血浆治疗确实有效吗,A型血易感新冠肺炎
0,怎样处理单采血小板献血者偶发的缺钙症状,为什么少数人会发生献血反应
0,献血能降血脂,献血后血液多长时间能恢复
0,害怕针怎么办,为什么血液的颜色有差别
0,选择性IgA缺乏者有何输血风险,高度近视者为何不能献血
1,为什么血压不合格不能献血,血压不合格，为什么不能献血
0,献血后如何按压针眼,献血后血液多长时间能恢复
0,血型不对，难道我是捡来的,献血前是吃饱了去，还是空腹呢
0,辐照红细胞的适应症有哪些,献血前是吃饱了去，还是空腹呢
0,人的血型会改变吗,怎样成为一名捐献造血干细胞志愿者
0,空腹献血者为什么偶尔可出现低血糖性昏厥,血型与器官移植有关吗
0,血液检验报告单上的“两对半”啥意思,为什么丙型肝炎病毒抗体（HCV抗体）阳性不能献血
0,献血可能会导致“贫血”吗,空腹献血者为什么偶尔可出现低血糖性昏厥
0,血压是怎样形成的,输过血的人，为什么要1年后才能献血
0,献血前应该喝糖水还是盐水,血液流速与什么因素有关
0,献血要经过哪些步骤,人失血多少会有生命危险
0,为什么直系亲属之间不能相互献血,我献出的血液，采供血机构会如何处理
1,《献血法》鼓励哪些人率先参加献血,《献血法》鼓励哪些人率先参加献血
0,O血型人容易生哪些病,公民如何参加献血
0,你还在纠结捐献200毫升还是400毫升么,您知道血型工作者已经为您做了哪些工作吗
0,出现意外伤害时献血也不迟吧,ABO血型系统是如何定型的
0,献血后，教你如何正确补血,健康者在多大年龄适合捐献造血干细胞_标准如何
0,ABO血型鉴定的原理是什么,从血型看寿命长短 哪个血型的人最长寿
1,身体里有多余的血吗,身体里有多余的血吗
0,哪些人符合献血的条件,献血时紧张怎么办
0,"我献出的血液,采供血机构会如何处理",献血前应做哪些准备
1,熊猫血会遗传吗 熊猫血怎么遗传,熊猫血会遗传吗 熊猫血怎么遗传
1,冷沉淀外观是怎样的,冷沉淀外观是怎样的
0,输血可以引起哪些疾病,母体与胎儿血相同吗
1,新冠肺炎疫情常态化防控怎么做,新冠肺炎疫情常态化防控怎么做
0,为什么有的人献血后会头晕,"捐血是吃饱了再去呢,还是空腹"
1,你给血管洗澡了吗,你给血管洗澡了吗
1,不知道献血码怎么查询献血记录,没有献血码怎么查献血记录
0,为什么还要填写捐献者的两位不同住址的亲属或朋友的姓名和联系方式,捐献者需要承担什么费用吗
0,你接种的新冠病毒疫苗是哪种？间隔多久能献血？一文告诉你,Rh阴性血与Rh阳性血相比，在采集、制备和储存一样吗
0,为什么鼓励一次献血400毫升,如何计算每袋全血的重量
1,献血前连豆浆也不能喝,献血前连豆浆也不能喝
1,如果贫血怎么还可以献血吧,贫血可以献血吗
1,血液流速与什么因素有关,影响血流速度的因素有哪些
1,健康者在多大年龄适合捐献造血干细胞_标准如何,捐献造血干细胞有啥要求吗
0,一名健康的公民一生可以献多少血,为什么献血前有的人心里感到紧张
1,输血能成为埃博拉病毒感染者的新希望吗,输血可以治愈埃博拉病毒感染者吗
0,为什么无偿献血，但输血却要收费,平时我要体力劳动怎么办
0,献血对身体有害吗,在采血车内献血，血液质量有保证吗
1,害怕针怎么办,晕针怎么献血
0,O血型人容易生哪些病,我献出的血液，采供血机构会不会拿去卖掉呢
1,为什么说全血并不全,有人说全血并不全？理由是什么
1,献血后补充哪种食物才能快速恢复元气,献血后补充什么食物才能快速恢复元气
0,血液为什么是咸的,高脂血患者平时怎么吃
1,献血中出现低血糖性昏厥该如何处理,献血后低血糖晕倒怎么办
0,捐献造血干细胞你了解多少,我很怕痛，献血会痛吗
0,人的血型会改变吗,献血可以减肥吗
0,血液的颜色是什么,捐献造血干细胞你了解多少
0,交叉配血是怎么回事,我国公民参加献血的年龄规定是多少
0,中老年人如何降低高血液粘稠度,输血与血型之间的关系是什么
1,我害怕献血怎么办,不敢献血怎么办
0,害怕针怎么办,为什么无偿献血，但输血却要收费
0,新冠肺炎疫情常态化防控怎么做,如果贫血怎么还可以献血吧
0,抗凝剂是如何抗凝的,献血丢失的血液需要多久能恢复_需要“静养”、“进补”吗
0,富血小板的血浆治疗确实有效吗,我献出的血液，采供血机构会如何处理
0,为什么无偿献血，但输血却要收费,献血后血液多长时间能恢复
0,一名健康的公民一生可以捐献多少全血,白细胞有血型吗
0,人体血容量究竟是怎么算出来的,HLA与器官移植有什么关系
1,血型可以人为改变吗,人为可以改变血型吗
0,成分献血是什么概念,捐献造血干细胞你了解多少
1,人体的血液是如何循环的,血液为什么可以流动
1,如何决定输血量,如何决定输血量
0,患者因严重冷凝集素而引起配血困难怎么办,国际社会公认的“无偿献血者”的概念是什么
0,国际社会公认的“无偿献血者”的概念是什么,想献血但勇气不够怎么办
0,全血有什么功能,RhD阴性患者如何输注血小板
0,献血前连豆浆也不能喝,献血后多长时间才能参加运动
0,非那根和地塞米松是否要作为常规输血前给药,出现意外伤害时献血也不迟吧
0,为什么献血检测结果与医院检验结果不一样,献血安全吗
0,白细胞膜上的抗原可分为几类,红细胞为什么有时候需要冻存
0,捐献成分血会不会感染疾病,为什么有的人会晕血
0,A型血易感新冠肺炎,母婴哪些血型会发生新生儿溶血症
0,“中国造血干细胞捐献者资料库”的哪些工作是与国际先进水平接轨的,血型可以人为改变吗
0,献血能喝咖啡吗,秋冬季献血应注意什么
1,高度近视者为何不能献血,眼睛高度近视为什么不可以输血
1,医疗机构如何履行艾滋病告知义务,医疗机构怎样履行艾滋病告知义务
0,肝素是如何抗凝的,不知道献血码怎么查询献血记录
1,为什么艾滋病病毒抗体（HIV抗体）阳性不能献血,为什么艾滋病病毒抗体（HIV抗体）阳性不能献血
0,志愿者报名登记后，是否马上就要捐献造血干细胞,献血后为防止针眼感染一般多少天内不要沾水
1,为什么采血时塑料采血袋在不停地摆动,采血时为何塑料采血袋不停地摆动
0,如何决定输血速度,血型可以人为改变吗
0,血液的主要组成成分有哪些,献血时紧张怎么办
1,你接种的新冠病毒疫苗是哪种？间隔多久能献血？一文告诉你,接种灭火新冠病毒疫苗后多久能献血
0,血液，需多长时间能恢复原来水平,人体的血液是如何循环的
0,输血时若遇含有冷凝集素的血时怎么办,护士对安全输血起什么作用
0,为什么纹身、打耳洞一年内不能献血,为什么“受血者”要在受血五年后再献血
1,献血后该如何止血,献血后怎么快速止血
1,为什么无偿献血，但输血却要收费,为什么国家实行无偿献血，临床输血却要收费
0,献血会不会感染上疾病,血液的主要功能有哪些
0,为什么要捐献者本人填写同意书和捐献者登记表,什么人可以参加献血
1,血压是怎样形成的,血压正常范围多少
1,献血可以减肥吗,献血能减轻体重吗
0,临床医生应怎样对待输血,我很怕痛，献血会痛吗
1,《献血法》鼓励哪些人率先参加献血,法律鼓励那些人率先献血
1,为什么艾滋病病毒抗体（HIV抗体）阳性不能献血,有艾滋能献血吗
0,宝宝的性格遗传谁多一些呢,献血能喝咖啡吗
0,孕妈妈为什么要了解自己的血型呢,如果贫血怎么还可以献血吧
0,想献血但勇气不够怎么办,Rh是如何遗传的
1,为什么无偿献血，但输血却要收费,为什么献血无偿而用血有偿
1,Rh（－）属稀有血型吗,Rh(-)血型很稀有吗
0,我为什么不能献血,白细胞有血型吗
1,餐后献血会大大减少献血反应吗,餐后献血会大大减少献血反应吗
0,医疗机构如何履行艾滋病告知义务,捐机采成分血和捐献全血有区别吗
0,献血会影响体力吗,为什么要控制采血的“量”
1,献血会不会上瘾,献血会上瘾，你信吗
0,交叉配血是怎么回事,人的血型会改变吗
1,献全血好还是血小板好？献血的10个小纠结，一次解决,献全血好还是血小板好？献血的10个小纠结，一次解决
0,血型能改变吗,为什么献血需核对身份证
0,O型血是万能血吗？哪种血型最有用,输血不畅如何处理
1,为什么有的人会晕血,晕血能献血吗
0,为什么不能输脂肪血,输血是治疗贫血最有效的方法吗
0,捐献单采血小板的程序是怎样的,献血可以减肥吗
1,献血时紧张怎么办,献血时紧张怎么办
0,献血会导致身体发胖吗,常见血液制品有哪些临床用途
0,献血影响健康吗,Rh（－）者输血供应有保障吗
1,血液黏稠度高怎么办,血液黏稠度高怎么办
0,为什么血压不合格不能献血,每次献血献少点好吗？献血200毫升与400毫升哪个更有益
0,红细胞为什么有时候需要冻存,人体造血的原料是什么
1,常见血液制品有哪些临床用途,血液制品用途
1,为什么献血使用的针头比一般的粗,为什么献血使用的针头比一般的粗
0,父亲给儿子输血？危险！,餐后献血会大大减少献血反应吗
1,夏季献血，那些你不知道的事,夏季献血，那些你不知道的事
1,O型全血是万能血吗,O型全血是万能血吗
0,为什么直系亲属间输血并不安全,采血时血液流速会影响血液质量吗
0,如何计算每袋全血的重量,我献出的血液，采供血机构会如何处理
0,血小板的“神奇功效”，您知道几个,为什么少数人会发生献血反应
1,献血能降血脂,献血可以降低血脂是真的吗
0,O型血是万能血吗？哪种血型最有用,捐机采成分血和捐献全血有区别吗
0,如何预防输血相关移植物抗宿主病（TA-GVHD）,每次献血献少点好吗
0,献血后为什么手臂会出现淤血,捐献成分血会不会感染疾病
0,《献血法》对医疗机构临床用血有什么规定,如何预防献血中出现低血糖性昏厥
0,我害怕献血怎么办,献血后为什么手臂会出现淤血
0,血液黏稠度高怎么办,捐血的时候容易被传染疾病吗
0,为什么不能输脂肪血,为什么在献血登记前要求填写健康征询表
0,捐献成分血会不会感染疾病,全血为什么需要在4±2℃保存
0,献血后会贫血吗,输血能成为埃博拉病毒感染者的新希望吗
0,献血后多长时间才能参加运动,献血时紧张怎么办
1,孕妈妈为什么要了解自己的血型呢,孕妈妈为什么要了解自己的血型呢
1,人体血容量究竟是怎么算出来的,如何计算血容量
1,为什么丙型肝炎病毒抗体（HCV抗体）阳性不能献血,为什么丙型肝炎病毒抗体（HCV抗体）阳性不能献血
0,志愿者报名登记后，是否马上就要捐献造血干细胞,为什么纹身、打耳洞一年内不能献血
0,献血对身体有害吗,贫血到什么程度需输血
1,哪一年ABO血型系统正式命名的,哪一年ABO血型系统正式命名的
0,献血中出现低血糖性昏厥该如何处理,为什么不能输脂肪血
1,我为什么不能献血,不能献血的原因有哪些
0,献血后血液多长时间能恢复,空腹献血者为什么偶尔可出现低血糖性昏厥
1,献血能降血脂,无偿献血有利于将血脂吗
0,为什么要推行机采成分血,捐献成分血会不会感染疾病
0,献血时紧张怎么办,A型血易感新冠肺炎
0,血小板为什么会输注无效,为什么吸毒者被列为献血高危人群
1,护士对安全输血起什么作用,护士在安全输血中的作用
0,ABO血型系统是如何定型的,献血能喝咖啡吗
1,ABO血型系统是如何定型的,ABO血型系统是如何定型的
1,人体血容量究竟是怎么算出来的,血容量怎么计算
0,血液，需多长时间能恢复原来水平,HIV(人类免疫缺陷病毒抗体)的检测意义是什么
0,献血后血液多长时间能恢复,熊猫血会遗传吗 熊猫血怎么遗传
0,宝宝的性格遗传谁多一些呢,如何预防输血相关移植物抗宿主病（TA-GVHD）
0,护士对安全输血起什么作用,选择性IgA缺乏者有何输血风险
0,为什么艾滋病病毒抗体（HIV抗体）阳性不能献血,献血会不会上瘾
0,献血后要进补吗,一名健康的公民一生可以捐献多少全血
0,你还在纠结捐献200毫升还是400毫升么,交叉配血是怎么回事
0,每次献血献少点好吗,献血后该如何止血
0,新冠肺炎疫情常态化防控怎么做,献血后如何保护针眼
1,正常情况下心血管内的血液为什么不发生凝固,正常情况下为什么心血管内的血液不容易发生凝固
0,Rh（－）属稀有血型吗,一名健康的公民一生可以捐献多少全血
0,贫血到什么程度需输血,血液流出体外为什么会凝固
0,献血前你想好了么,有的人为什么见血会晕倒
1,公民献血后，采供血机构应发给献血者什么凭证,献血后，献血者会收到什么证书，以证明公民献过血
1,献血中出现低血糖性昏厥该如何处理,低血糖患者突然晕倒该如何处理
0,怎样处理单采血小板献血者偶发的缺钙症状,血型能改变吗
1,献血能降血脂,定期献血有利于将血脂吗
1,公民献血后，采供血机构应发给献血者什么凭证,公民献血后，采供血机构应发给献血者什么凭证
0,献血前应该喝糖水还是盐水,献血后如何保护针眼
0,人体内血液总量是多少,血液流出体外为什么会凝固
0,贮存式自身输血要注意哪些问题,平时我要体力劳动怎么办
0,如何预防献血中出现低血糖性昏厥,哪些原因会引起血小板输注无效
1,凝血过程中需要钙离子吗,凝血过程中需要钙离子吗
1,正常情况下心血管内的血液为什么不发生凝固,正常情况下心血管内的血液为什么不发生凝固
0,HLA与输血有什么关系,为什么献血时要携带有效身份证件
0,Rh（－）者如何自我保护,高脂血患者平时怎么吃
0,献血后身体会发胖吗,抗凝剂是如何抗凝的
0,血液的主要功能有哪些,如何计算每袋全血的重量
1,献血会不会上瘾,献血真的会上瘾吗
0,捐献成分血会不会感染疾病,为什么不提倡近亲输血
1,为什么艾滋病病毒抗体（HIV抗体）阳性不能献血,艾滋病病毒抗体（HIV抗体）阳性不能献血？为什么
1,为什么献血时要携带有效身份证件,为什么献血时要携带有效身份证件
0,抗凝剂是如何抗凝的,如何采集造血干细胞
1,人的血液是从哪儿产生的,人的血液是从哪儿产生的
0,体内HIV可完全清除,献血会不会上瘾
0,非那根和地塞米松是否要作为常规输血前给药,血液检测后可用和不可用的血液去向
0,血液流出体外为什么会凝固,献血可能会导致“贫血”吗
0,您知道血型工作者已经为您做了哪些工作吗,怎样正确自己测血压
0,捐献者需要承担什么费用吗,如何采集造血干细胞
0,为什么吸毒者被列为献血高危人群,献血后该如何止血
1,交叉配血是怎么回事,啥叫交叉配血
1,血液流速与什么因素有关,血液流速与什么因素有关
0,什么是不规则抗体,Rh（－）者输血供应有保障吗
0,"我献出的血液,采供血机构会如何处理",为什么无偿献血，但输血却要收费
1,怎样处理单采血小板献血者偶发的缺钙症状,怎样处理单采血小板献血者偶发的缺钙症状
1,为什么45-55岁的健康者不再接受采集造血干细胞登记,45-55岁的健康者不再接受登记？理由是什么
0,为什么血压不合格不能献血,如何计算每袋全血的重量
0,机采血浆是如何操作的,献血后饮食如何调理
0,献血为何要补充水份,Rh（－）者如何自我保护
0,献血后为什么手臂会出现淤血,怎样处理单采血小板献血者偶发的缺钙症状
0,献血可能会导致“贫血”吗,护士对安全输血起什么作用
0,为什么献血前有的人心里感到紧张,是谁第一个将人血输给人的
0,护士对安全输血起什么作用,血压与献血有什么关系
0,哪些原因会引起血小板输注无效,献血前应该喝糖水还是盐水
1,献血时紧张怎么办,献血紧张怎么办
0,什么人可以参加献血,机采血浆是如何操作的
0,我害怕献血怎么办,献全血好还是血小板好？献血的10个小纠结，一次解决
0,献血后该如何止血,“萌萌哒”血小板为啥那么小
0,为什么纹身、打耳洞一年内不能献血,献血可以减肥吗
0,采集造血干细胞的方法是怎样的,献血后会不会头晕
0,你接种的新冠病毒疫苗是哪种？间隔多久能献血？一文告诉你,平常还要体育锻炼怎么办
1,献血能降血脂,献血可以降低血脂吗
0,高度近视者为何不能献血,国家制定《献血法》的目的是什么
0,血型能变吗,《献血法》鼓励哪些人率先参加献血
0,为什么无偿献血，但输血却要收费,急性等容稀释式自身输血（ANH）要注意哪些问题
0,血型与器官移植有关吗,献血前连豆浆也不能喝
1,我自己都贫血了，怎能献血呢,贫血还能献血吗
0,已经献过血了，可以不献了吧,孕妈妈为什么要了解自己的血型呢
1,白细胞有血型吗,白细胞有血型吗
1,为什么吸毒者被列为献血高危人群,为什么吸毒者被列为献血高危人群
0,凝血过程中需要钙离子吗,害怕针怎么办
0,血压与献血有什么关系,为什么纹身、打耳洞一年内不能献血
1,非那根和地塞米松是否要作为常规输血前给药,非那根和地塞米松是常规输血前给药
1,如何知道自己已成为捐献造血干细胞志愿者,如何查询自己是否为捐献造血干细胞志愿者
0,血液的用途有哪些,为什么要捐献者本人填写同意书和捐献者登记表
0,献血丢失的血液需要多久能恢复_需要“静养”、“进补”吗,血清弱D表型孕产妇应视为RhD阴性吗
0,献血后为防止针眼感染一般多少天内不要沾水,怎样处理单采血小板献血者偶发的缺钙症状
0,捐献全血的流程包括什么,O型血可以输给任何血型的人吗
1,为什么临床输血常用枸橼酸盐作抗凝剂,为什么临床输血常用枸橼酸盐作抗凝剂
0,害怕针怎么办,献血会导致身体发胖吗
0,健康者在多大年龄适合捐献造血干细胞,体内HIV可完全清除
1,对非法采供血者的处罚有哪些,对非法采供血者的处罚有哪些
0,亲属间输血安全吗,临床医生应怎样对待输血
1,无偿献血者应受到哪些奖励,无偿献血者将得到什么奖励
1,一年献一次献血量算多吗,一年献一次血多吗
1,为什么只有你献完血手臂上有淤青,献血后手臂出现瘀青是怎么回事
0,献血丢失的血液需要多久能恢复_需要“静养”、“进补”吗,还有什么血型系统与输血关系很大
0,献血时紧张怎么办,血小板的“神奇功效”，您知道几个
0,血小板是怎样止血的,为什么不能输脂肪血
1,为什么直系亲属之间不能相互献血,为什么直系亲属之间不能相互献血
1,人的血液是从哪儿产生的,血液是如何产生的
1,最近生过病怎么办,最近生过病还能献血吗
1,为什么献血需核对身份证,献血必须带身份证吗
0,凝血过程中需要钙离子吗,"我献出的血液,采供血机构会如何处理"
0,自体输血适合您吗,餐后献血会大大减少献血反应吗
0,输血能成为埃博拉病毒感染者的新希望吗,无偿献血者应受到哪些奖励
1,为什么鼓励一次献血400毫升,献血400毫升有什么好处
0,在亲子鉴定中首先应考虑什么系统,献血后为什么手臂会出现淤血
0,我献出的血液，采供血机构会如何处理,捐献造血干细胞有报酬吗
0,志愿者报名登记后，是否马上就要捐献造血干细胞,Rh（－）者如何自我保护
0,"“无偿献血,有偿使用?”是这样的吗",新冠肺炎疫情常态化防控怎么做
1,捐献单采血小板的程序是怎样的,献血程序如何
0,为什么献血需核对身份证,输血浆也需要血型相同吗
0,血型有好坏之分吗,按压针眼的三大忌
0,红细胞为什么有时候需要冻存,输血不畅如何处理
0,想献血但勇气不够怎么办,捐血的时候容易被传染疾病吗
0,从血型看寿命长短 哪个血型的人最长寿,女性献血者生理期间能否献血
1,献血后血液多久可以恢复,献血后多久血液会回来
0,你接种的新冠病毒疫苗是哪种？间隔多久能献血？一文告诉你,为什么要捐献者本人填写同意书和捐献者登记表
0,宝宝的性格遗传谁多一些呢,熊猫血会遗传吗 熊猫血怎么遗传
1,为什么血液中心的检测结果不能作为疾病诊断最终结果,为什么血液中心的检测结果不能作为疾病诊断最终结果
0,血液检测后可用和不可用的血液去向,人体内血液总量是多少
0,如何预防输血相关移植物抗宿主病（TA-GVHD）,Rh（－）者如何自我保护
0,已经献过血了，可以不献了吧,我很怕痛，献血会痛吗
0,为什么直系亲属间输血并不安全,输血是治疗贫血最有效的方法吗
0,餐后献血会大大减少献血反应吗,贫血到什么程度需输血
1,献血要经过哪些步骤,献血要经过哪些步骤
0,为什么献血使用的针头比一般的粗,O型全血是万能血吗
1,想献血但勇气不够怎么办,想要去献血但是没有勇气去怎么办
0,捐机采成分血对身体有什么影响吗,怎样正确自己测血压
1,为什么献血针眼处有时会淤青,为啥献完血会淤青
1,让职工上班时间献血，单位的损失不是太大了吗,让员工上班时间献血，单位的损失是不是有点大
0,献血后会不会头晕,为什么少数人会发生献血反应
1,患者因严重冷凝集素而引起配血困难怎么办,患者因严重冷凝集素而引起配血困难怎么办
0,血型是怎样遗传的,我献出的血液，采供血机构会不会拿去卖掉呢
1,血液的颜色是什么,有其他颜色血吗
0,献血会不会感染上疾病,体内HIV可完全清除
0,血型能改变吗,病人大出血时，输血应注意什么
1,采血量不足的血液为何不能输注给患者,采血量不足的血液不能输注给患者？为什么
0,为什么在献血登记前要求填写健康征询表,血液是否有有效期
0,血型和性格有关吗,为什么丙型肝炎病毒抗体（HCV抗体）阳性不能献血
0,献血影响健康吗,如何评价血小板减少性紫癜的疗效
0,出现意外伤害时献血也不迟吧,血液的主要功能有哪些
0,为什么需要献血,不知道献血码怎么查询献血记录
0,为什么吸毒者被列为献血高危人群,血液的用途有哪些
1,献血后怎样查询血液检测结果,在什么平台上可以查询血液检测后的结果
1,ABO血型鉴定的原理是什么,ABO血型鉴定的原理是什么
0,怎样配合医生进行输血,肝素是如何抗凝的
1,在采集造血干细胞前为什么要对捐献者使用造血干细胞动员,造血干细胞动员有啥用
1,血小板为什么会输注无效,血小板输注无效的原因
0,血液流速与哪些因素有关,HIV(人类免疫缺陷病毒抗体)的检测意义是什么
1,我国公民参加献血的年龄规定是多少,献血年龄
1,一年献一次献血量算多吗,一年献一次献血量算多吗
0,献血会不会感染上疾病,人体急需血液时，自身哪些器官可以供血
1,选择什么样的血管采血,选择什么样的血管采血
1,输注红细胞时应该注意什么,输注红细胞时应该注意什么
0,献血时紧张怎么办,非那根和地塞米松是否要作为常规输血前给药
0,每次献血献少点好吗？献血200毫升与400毫升哪个更有益,高度近视者为何不能献血
1,为什么有的人会晕血,晕血的原因
0,你接种的新冠病毒疫苗是哪种？间隔多久能献血？一文告诉你,父亲给儿子输血？危险！
0,在采集造血干细胞前为什么要对捐献者使用造血干细胞动员,母体与胎儿血相同吗
0,平常还要体育锻炼怎么办,是谁第一个将人血输给人的
0,献血后多久可以喝酒,输过血的人可以献血吗
0,孕妇为什么要做血型鉴定,为什么血压不合格不能献血
0,输血与血型之间的关系是什么,献血时紧张怎么办
0,为什么艾滋病病毒抗体（HIV抗体）阳性不能献血,医疗机构如何履行艾滋病告知义务
0,如何知道自己已成为捐献造血干细胞志愿者,献血为何要补充水份
0,献血后如何按压针眼,血液，需多长时间能恢复原来水平
0,献血能降血脂,公民献血应遵守哪些规定
0,你给血管洗澡了吗,捐献单采血小板的程序是怎样的
0,哪些原因会引起血小板输注无效,献血时紧张怎么办
0,为什么说全血并不全,红细胞是怎样携带氧气的
1,输血是治疗贫血最有效的方法吗,输血是治疗贫血最有效的方法吗
0,B型血者如何真正快乐起来,"捐血是吃饱了再去呢,还是空腹"
0,为什么要推行机采成分血,献血后怎样查询血液检测结果
0,献血前连豆浆也不能喝,献血前不能吃豆浆牛奶鸡蛋咸菜，这些“经验”是怎么来的
1,献血可以减肥吗,献血能使体重下降吗
1,采集造血干细胞的方法是怎样的,怎么采集造血干细胞
1,Rh阴性血与Rh阳性血相比，在采集、制备和储存一样吗,Rh阴性血和Rh阳性血采集、制备、储存过程是否一样
1,献血后，教你如何正确补血,献血后如何快速补血
1,血型可以人为改变吗,血型可以通过科学手段改变吗
0,血液可以买卖么?如买卖血液会受到何种处罚,一名健康的公民一生可以献多少血
0,打疫苗对献血有何影响,血型能改变吗
1,血压与献血有什么关系,高血压能献血吗
0,捐献造血干细胞你了解多少,人的血液是从哪儿产生的
0,献血前连豆浆也不能喝,如何预防输血相关移植物抗宿主病（TA-GVHD）
1,出现意外伤害时献血也不迟吧,发生意外伤害时去献血会不会比较晚
0,病人大出血时，输血应注意什么,常见血液制品有哪些临床用途
0,献血会不会感染上疾病,献血是不是应该有偿
0,一年献一次献血量算多吗,如何预防献血中出现低血糖性昏厥
1,爱喝酒的人血液里的酒精会不会太多,爱喝酒的人血液里的酒精会不会太多
0,捐献成分血会不会感染疾病,血液为什么是咸的
0,献血能降血脂,护士对安全输血起什么作用
0,熊猫血会遗传吗 熊猫血怎么遗传,采血时血液流速会影响血液质量吗
1,医疗机构如何履行艾滋病告知义务,医疗机构如何履行艾滋病告知义务
0,健康者在多大年龄适合捐献造血干细胞,献血丢失的血液需要多久能恢复？需要“静养”、“进补”吗
0,献血后会不会头晕,献血后多久可以喝酒
1,献血前是吃饱了去，还是空腹呢,献血时要不要空腹，还是吃饱后去献血
0,在亲子鉴定中首先应考虑什么系统,一名健康的公民一生可以捐献多少全血
1,白细胞是怎样排除异己的,白细胞是怎样排除异己的
0,什么是不规则抗体,捐献成分血会不会感染疾病
1,人体内有哪些造血器官,造血器官有哪些
1,还有什么血型系统与输血关系很大,哪些血型系统与输血关系很大
0,对献血反应该如何处理,餐后献血会大大减少献血反应吗
1,血压与献血有什么关系,献血完能降血压吗
0,为什么有的人会晕血,血小板的“神奇功效”，您知道几个
1,O型血是万能血吗？哪种血型最有用,哪种血型最有用
1,怎样处理单采血小板献血者偶发的缺钙症状,单采血小板献血者偶发的缺钙症状处理办法
0,是谁第一个将人血输给人的,红细胞是怎样携带氧气的
0,献血会不会上瘾,血型不对，难道我是捡来的
0,血液检测后可用和不可用的血液去向,无偿献血者应受到哪些奖励
0,父亲给儿子输血？危险！,抗凝剂是如何抗凝的
0,献血为何要补充水份,哪些人符合献血的条件
0,献血后如何按压针眼,流动献血车属于哪个医院的
0,为什么有的人献血后会头晕,输注红细胞时应该注意什么
1,熊猫血会遗传吗 熊猫血怎么遗传,熊猫血会遗传吗以及怎么遗传
0,红细胞在4度条件下为什么不能永久保存,献血是不是应该有偿
1,宝宝的性格遗传谁多一些呢,宝宝的性格是遗传父亲还是母亲多点
1,广州血液中心是什么机构,广州血液中心属于什么机构
0,你接种的新冠病毒疫苗是哪种？间隔多久能献血？一文告诉你,我为什么不能献血
0,打疫苗对献血有何影响,流动献血车属于哪个医院的
0,高度近视者为何不能献血,血液的主要组成成分有哪些
0,一名健康的公民一生可以捐献多少全血,血液有代用品吗
0,为什么献血使用的针头比一般的粗,献血后会贫血吗
0,我的血如果不好怎么办,熊猫血会遗传吗 熊猫血怎么遗传
0,人体内血液总量是多少,献血影响健康吗
0,为什么鼓励一次献血400毫升,为什么血压不合格不能献血
1,血液的颜色是什么,血液是什么颜色的
1,如何计算每袋全血的重量,每袋全血的重量是怎样计算的
1,如何决定输血量,我不确定要献多少毫升
0,为什么纹身、打耳洞一年内不能献血,女性献血者生理期间能否献血
1,Rh阴性为何如此“稀有”,熊猫血为何如此“稀有”
0,患过肝炎怎么办,滤除血液中白细胞的时机有什么意义
1,血型不对，难道我是捡来的,血型不对，难道我是捡来的
0,在采集造血干细胞前为什么要对捐献者使用造血干细胞动员,献血影响健康吗
0,献血时紧张怎么办,为什么要捐献者本人填写同意书和捐献者登记表
0,输血能成为埃博拉病毒感染者的新希望吗,如果贫血怎么还可以献血吧
1,为什么献血前有的人心里感到紧张,为什么献血前少数人心里感到紧张
0,献血和输血有何不同,对非法采供血者的处罚有哪些
1,血压与献血有什么关系,血压与献血有什么关系
0,国际社会公认的“无偿献血者”的概念是什么,输血为什么有风险
0,血液流速与哪些因素有关,Rh阴性患者如何输血
0,献血能降血脂,人体哪些器官有贮血功能
0,三种输血方式_哪种适合您,第VIII因子浓缩剂与冷沉淀在适应症方面有什么区别
0,还有什么血型系统与输血关系很大,献血前连豆浆也不能喝
0,输血时若遇含有冷凝集素的血时怎么办,亲属间输血安全吗
1,捐机采成分血对身体有什么影响吗,献成分血对身体有害处吗
0,人失血多少会有生命危险,红细胞为什么有时候需要冻存
1,输注少白细胞红细胞的临床意义有哪些,输注少白细胞红细胞有什么意义
0,人体血容量究竟是怎么算出来的,为什么采血时塑料采血袋在不停地摆动
0,什么人可以参加献血,输血可以引起哪些疾病
0,献血会影响体力吗,为什么献血时要携带有效身份证件
1,血液的主要组成成分有哪些,血液最主要的成分是什么
1,Rh阴性患者如何输血,Rh阴性患者输血有什么特殊要求
0,不同血型的人可以互相输血吗,输血能成为埃博拉病毒感染者的新希望吗
1,如果贫血怎么还可以献血吧,如果贫血怎么可以献血呢
1,献血中出现低血糖性昏厥该如何处理,献血后低血糖晕倒的处理办法
0,我自己都贫血了，怎能献血呢,为什么需要献血
0,"“无偿献血,有偿使用?”是这样的吗",想献血但勇气不够怎么办
0,血型是怎样遗传的,捐献后的血液需要低温保存吗
1,我很怕痛，献血会痛吗,献血会晕阙吗
1,血液流速与哪些因素有关,血液流速与什么有关系
0,为什么献血前有的人心里感到紧张,献血后饮食如何调理
1,夏天献血可以喝盐分饮料吗,夏天献血可以喝盐分饮料吗
1,您知道血型工作者已经为您做了哪些工作吗,您知道血型工作者已经为您做了哪些工作吗
0,献血后血液多长时间能恢复,献血影响健康吗
0,还有什么血型系统与输血关系很大,在亲子鉴定中首先应考虑什么系统
0,血站对采集的血液要做怎样的处理,正常人献血200~400毫升后在饮食上应注意什么
0,献血能降血脂,血型和性格有关吗
1,我的血如果不好怎么办,我的血如果不好怎么办
0,为什么需要献血,采血方式有哪几种
0,是不是献了一次血后，就必须不停地献血,献血的8种好处，您知道多少
1,贮存式自身输血要注意哪些问题,贮存式自身输血要注意哪些问题
0,Rh阴性患者是否只能使用Rh阴性血,美国红十字会采供血机构如何做献血后告知与咨询
0,想献血但勇气不够怎么办,在采集造血干细胞前为什么要对捐献者使用造血干细胞动员
0,为什么纹身、打耳洞一年内不能献血,既然是无偿献血，用血时为什么要收费
0,"“无偿献血,有偿使用?”是这样的吗",为什么鼓励一次献血400毫升
1,我的血为什么不能输给他,血液是否有生命周期
1,“萌萌哒”血小板为啥那么小,“萌萌哒”血小板为啥那么小
1,有的人为什么见血会晕倒,晕血的原因
0,为什么献血需核对身份证,为什么鼓励一次献血400毫升
0,医疗机构如何履行艾滋病告知义务,输血浆也需要血型相同吗
0,在采集造血干细胞前为什么要对捐献者使用造血干细胞动员,献血后为什么手臂会出现淤血
1,献血可以减肥吗,献血可以减肥吗
1,献血后多长时间才能参加运动,献血后多长时间才能参加运动
1,献血后血液多长时间能恢复,献血后多久才能恢复
1,献血后会贫血吗,献血后会贫血吗
0,献血后饮食如何调理,为什么采血时塑料采血袋在不停地摆动
0,献血后多长时间才能参加运动,血型和性格有关吗
0,为什么献血时要携带有效身份证件,献血后如何保护针眼
1,为什么无偿献血，但输血却要收费,为什么自己无偿献血，自己用血医院还要收费
0,亲属间输血安全吗,如何计算每袋全血的重量
0,为什么血液中心的检测结果不能作为疾病诊断最终结果,为什么采血时塑料采血袋在不停地摆动
0,血液有代用品吗,献血可能会导致“贫血”吗
0,急性等容稀释式自身输血（ANH）要注意哪些问题,感冒是否可以献血
1,感冒是否可以献血,感冒了可以献血吗
0,人体内的血液总量有多少,献血为何要补充水份
1,为什么少数人会发生献血反应,为什么少数人会发生献血反应
0,国家实行什么献血制度,打疫苗对献血有何影响
0,有血液恐惧症怎么办,出现意外伤害时献血也不迟吧
1,新冠肺炎疫情常态化防控怎么做,怎么防控新冠疫情
0,高脂血患者平时怎么吃,血液的主要功能有哪些
0,为什么直系亲属之间不能相互献血,什么人可以参加献血
0,成分献血是什么概念,你给血管洗澡了吗
1,Rh血型是如何遗传的,Rh血型是如何遗传的
0,献血可以减肥吗,输血是 越“新鲜”越好吗
1,献血后多久可以喝酒,献血后多久可以喝酒
0,如何评价血小板减少性紫癜的疗效,捐机采成分血和捐献全血有区别吗
0,白细胞有血型吗,辐照红细胞的适应症有哪些
0,为什么血压不合格不能献血,献血能降血脂
0,献血后如何保护针眼,交叉配血是怎么回事
0,银屑病患者可以献血吗,献血影响健康吗
0,健康者在多大年龄适合捐献造血干细胞_标准如何,献血会不会感染上疾病
0,公民献血应遵守哪些规定,孕妇为什么要做血型鉴定
0,捐献后的血液需要低温保存吗,输血不畅如何处理
0,捐机采成分血对身体有什么影响吗,捐献成分血会不会感染疾病
0,出现意外伤害时献血也不迟吧,献血前连豆浆也不能喝
1,为什么要推行机采成分血,为什么要推行机采成分血
0,献血后血液多久可以恢复,献血能降血脂
0,冷沉淀外观是怎样的,Rh（－）属稀有血型吗
0,女性献血者生理期间能否献血,为什么血压不合格不能献血
0,一名健康的公民一生可以献多少血,患者因严重冷凝集素而引起配血困难怎么办
0,健康者在多大年龄适合捐献造血干细胞_标准如何,人的血液是从哪儿产生的
0,身体里有多余的血吗,大姨妈来了为什么不能献血
0,Rh血型是如何遗传的,机采血浆是如何操作的
0,母婴哪些血型会发生新生儿溶血症,采血袋中最常用的抗凝剂是什么
0,献血可以减肥吗,为什么需要不同的血液成分
0,哪些人不适合献血,Rh阴性患者是否只能使用Rh阴性血
1,采集造血干细胞的方法是怎样的,采集造血干细胞的方法是怎样的
0,熊猫血会遗传吗 熊猫血怎么遗传,献血后多久可以喝酒
0,“中国造血干细胞捐献者资料库”的哪些工作是与国际先进水平接轨的,献血前是吃饱了去，还是空腹呢
0,贮存式自身输血的临床应用哪些,我害怕献血怎么办
0,我害怕献血怎么办,我的血如果不好怎么办
1,怎样成为一名捐献造血干细胞志愿者,怎样成为一名捐献造血干细胞志愿者
0,O血型人容易生哪些病,献血前不能吃豆浆牛奶鸡蛋咸菜，这些“经验”是怎么来的
1,献血前连豆浆也不能喝,献血前是不是不可以喝豆浆
0,献血前是吃饱了去，还是空腹呢,输过血的人，为什么要1年后才能献血
0,机采成分血对身体有什么影响吗,献血后会不会头晕
1,夏天献血可以喝盐分饮料吗,夏天和盐分饮料还能献血吗
1,中老年人如何降低高血液粘稠度,中老年人如何降低高血液粘稠度
0,献血前应该喝糖水还是盐水,献血能降血脂
0,献血后饮食如何调理,新冠肺炎疫情常态化防控怎么做
1,高度近视者为何不能献血,近视眼可以献血吗
0,血型与器官移植有关吗,献血影响健康吗
0,献血后如何保护针眼,血型有好坏之分吗
1,为什么献血检测结果与医院检验结果不一样,献血检测结果和医院检验结果一样吗
0,献血会不会感染上疾病,每次献血献少点好吗？献血200毫升与400毫升哪个更有益
0,采血时血液流速会影响血液质量吗,空腹献血者为什么偶尔可出现低血糖性昏厥
0,献血是不是应该有偿,献血后血液多长时间能恢复
0,Rh血型是如何遗传的,父母的血型与子女的血型有什么关系
1,捐献成分血会不会感染疾病,献血会传染上疾病吗
0,血液流速与哪些因素有关,捐机采成分血和捐献全血有区别吗
0,AB血型的人怎样选择美食,献血后会不会头晕
0,献血会不会上瘾,献血会传染疾病吗
0,病人大出血时，输血应注意什么,出现意外伤害时献血也不迟吧
0,血型有好坏之分吗,献血可以减肥吗
1,HIV(人类免疫缺陷病毒抗体)的检测意义是什么,为什么要检测HIV
0,月经期间为何不能献血,献血后血液多长时间能恢复
0,捐血的时候容易被传染疾病吗,献血会不会感染上疾病
0,献血后如何保护针眼,成分献血是什么概念
0,人体血容量究竟是怎么算出来的,为什么无偿献血，但输血却要收费
0,输血不畅如何处理,志愿者报名登记后，是否马上就要捐献造血干细胞
0,亲属间输血安全吗,如何评价血小板减少性紫癜的疗效
0,献血可以减肥吗,为什么无偿献血，但输血却要收费
1,成分献血是什么概念,什么是成分献血
0,献血会不会上瘾,捐机采成分血对身体有什么影响吗
0,报名后是否可以随时改变捐献造血干细胞的决定,想献血但勇气不够怎么办
1,中老年人如何降低高血液粘稠度,中老年人怎么让血液不黏稠
1,什么是血液的比重,血液的比重是啥
0,献血能喝咖啡吗,献血后该如何止血
0,血液的主要功能有哪些,母婴哪些血型会发生新生儿溶血症
0,母婴哪些血型会发生新生儿溶血症,血液的用途有哪些
0,Rh（－）者如何自我保护,献血前是吃饱了去，还是空腹呢
0,为什么临床输血常用枸橼酸盐作抗凝剂,国际社会公认的“无偿献血者”的概念是什么
0,正常人献血200~400毫升后在饮食上应注意什么,为什么需要不同的血液成分
0,献血后血液多长时间能恢复,我很怕痛，献血会痛吗
0,血型能变吗,Rh（－）者输血供应有保障吗
1,O血型人容易生哪些病,O型血易发疾病有什么
1,为什么要控制采血的“量”,控制采血的“量”的原因是什么
0,血液有代用品吗,按压针眼的三大忌
0,是不是献了一次血后，就必须不停地献血,为什么需要献血
1,献血为何要补充水份,献血为何要补充水份
1,ABO血型系统是如何定型的,ABO血型系统怎么定型
0,献血被拒绝，您知道为什么吗,献血后为防止针眼感染一般多少天内不要沾水
1,献血后血液多长时间能恢复,献血后何时能恢复到献血前的状态
0,输血可以引起哪些疾病,自体输血适合您吗
1,献血后为防止针眼感染一般多少天内不要沾水,抽完血的针眼多久能碰水
0,ABO血型鉴定的原理是什么,血型与器官移植有关吗
1,献血后，教你如何正确补血,献血后，教你如何正确补血
0,献血前不能吃豆浆牛奶鸡蛋咸菜，这些“经验”是怎么来的,白细胞膜上的抗原可分为几类
1,是否献一次血后必须不断的献血,献一次血后是否必须一直献血
1,"我献出的血液,采供血机构会如何处理","我献出的血液,采供血机构会如何处理"
1,想献血但勇气不够怎么办,想要去献血但是比较害怕怎么办
0,平时我要体力劳动怎么办,还有什么血型系统与输血关系很大
0,新冠肺炎疫情常态化防控怎么做,输血时若遇含有冷凝集素的血时怎么办
0,为什么献血时要携带有效身份证件,为什么不能输脂肪血
0,为什么艾滋病病毒抗体（HIV抗体）阳性不能献血,为什么献血时要携带有效身份证件
1,献血会传染疾病吗,献血会传染疾病吗
0,志愿者报名登记后，是否马上就要捐献造血干细胞,人体内有哪些造血器官
1,什么人可以参加献血,那些人可以参与献血
1,造血干细胞移植可治疗哪些疾病,造血干细胞移植在治疗疾病的作用
0,报名后是否可以随时改变捐献造血干细胞的决定,献血后身体会发胖吗
0,捐献造血干细胞有报酬吗,为什么推行捐献采成分血
0,富血小板的血浆治疗确实有效吗,血液，需多长时间能恢复原来水平
0,献血可以减肥吗,白细胞有血型吗
0,报名后是否可以随时改变捐献造血干细胞的决定,血型有好坏之分吗
0,母体与胎儿血相同吗,血型漫画丨难忘的端午节，你们都是怎么包粽子的
1,外科输血如何进行,怎么进行外科输血
0,血小板是否必须同型输注,RhD阴性患者如何输注血小板
0,献血可能会导致“贫血”吗,父母的血型与子女的血型有什么关系
0,献血对身体有害吗,造血干细胞移植可治疗哪些疾病
1,捐机采成分血和捐献全血有区别吗,捐献成分血与捐献全血有何区别
0,既然提倡成分输血，那我献的全血去哪了,捐机采成分血和捐献全血有区别吗
1,献血前应做哪些准备,献血前应做哪些准备
1,B型血者如何真正快乐起来,B型血的人如何减压
0,你接种的新冠病毒疫苗是哪种？间隔多久能献血？一文告诉你,《中华人民共和国献血法》是何时通过、何时实施的
0,Rh是如何遗传的,不知道献血码怎么查询献血记录
0,捐机采成分血和捐献全血有区别吗,成分献血是什么概念
1,献血前不能吃豆浆牛奶鸡蛋咸菜，这些“经验”是怎么来的,我们从哪里得到献血前不能吃豆浆牛奶鸡蛋咸菜的经验
1,怎样配合医生进行输血,怎么配合医生输血
0,贮存式自身输血的临床应用哪些,空腹献血者为什么偶尔可出现低血糖性昏厥
0,还有什么血型系统与输血关系很大,国际社会公认的“无偿献血者”的概念是什么
0,为什么直系亲属间输血并不安全,为什么无偿献血，但输血却要收费
1,既然是无偿献血，用血时为什么要收费,用血时为什么要收费
1,一名健康的公民一生可以捐献多少全血,一名健康的公民一生可以捐献多少全血
0,献血会传染疾病吗,为什么吸毒者被列为献血高危人群
0,为什么还要填写捐献者的两位不同住址的亲属或朋友的姓名和联系方式,捐献单采血小板的程序是怎样的
0,献血后为什么手臂会出现淤血,Rh阴性患者如何输血
1,献血后饮食如何调理,献血后饮食如何调理
0,输过血的人，为什么要1年后才能献血,Rh（－）属稀有血型吗
1,为什么需要献血,输血的意义
0,为什么临床输血常用枸橼酸盐作抗凝剂,献血后血液多久可以恢复
1,献血后会不会头晕,献血后会感到晕眩吗
0,Rh（－）者如何自我保护,体育锻炼热衷者能参加献血吗
0,每次献血献少点好吗？献血200毫升与400毫升哪个更有益,为什么献血使用的针头比一般的粗
0,血小板是怎样止血的,Rh血型是如何遗传的
0,血型与器官移植有关吗,如何预防输血相关移植物抗宿主病（TA-GVHD）
1,交叉配血是怎么回事,交叉配血是怎么回事
1,O型血可以输给任何血型的人吗,O型血可以输给任何血型的人吗
1,什么情况下输血才需要加温,什么情况下输血才需要加温
0,献血会传染疾病吗,高度近视者为何不能献血
1,为什么不能输脂肪血,脂肪血为什么不能献血
0,血型和性格有关吗,献血为何要补充水份
0,献血可能会导致“贫血”吗,高脂血患者平时怎么吃
0,献血可以减肥吗,血型不对，难道我是捡来的
0,为什么要实行无偿献血制度,Rh阴性患者如何输血
0,Rh是如何遗传的,体内HIV可完全清除
0,献血前连豆浆也不能喝,人的血管能有多长
0,采血量不足的血液为何不能输注给患者,血型是怎样遗传的
0,献血丢失的血液需要多久能恢复_需要“静养”、“进补”吗,血型和性格有关吗
1,血小板的“神奇功效”，您知道几个,血小板有哪些功能
0,为什么献血时要携带有效身份证件,熊猫血会遗传吗 熊猫血怎么遗传
0,是否献一次血后必须不断的献血,捐机采成分血对身体有什么影响吗
1,胎儿也有血型吗,胎儿也有血型吗
1,献血后为防止针眼感染一般多少天内不要沾水,血型后，多少天可以沾水
0,献血后为防止针眼感染一般多少天内不要沾水,滤除血液中白细胞的时机有什么意义
1,血型漫画丨难忘的端午节，你们都是怎么包粽子的,血型漫画丨难忘的端午节，你们都是怎么包粽子的
0,O型血可以输给任何血型的人吗,献血要经过哪些步骤
1,抗凝剂是如何抗凝的,抗凝剂抗凝原理是什么
1,献血后血液多长时间能恢复,献血后血液多长时间能恢复
1,为什么血液的颜色有差别,为什么血液的颜色有差别
0,捐血的时候容易被传染疾病吗,滤除血液中白细胞的时机有什么意义
0,Rh阴性患者是否只能使用Rh阴性血,献血后会不会头晕
1,从血型看寿命长短 哪个血型的人最长寿,什么血型的人寿命更长
0,既然提倡成分输血，那我献的全血去哪了,你接种的新冠病毒疫苗是哪种？间隔多久能献血？一文告诉你
0,我很怕痛，献血会痛吗,血型和性格有关吗
0,红细胞为什么有时候需要冻存,献血后补充哪种食物才能快速恢复元气
1,献血能喝咖啡吗,无偿献血后可以喝咖啡吗
0,血液的颜色是什么,血液流速与哪些因素有关
1,为什么艾滋病病毒抗体（HIV抗体）阳性不能献血,有HIV抗体可以献血吗
1,献血为何要补充水份,吃什么可以补充流失的血液
0,是不是献了一次血后，就必须不停地献血,胎儿也有血型吗
0,什么情况下输血才需要加温,献血能降血脂
0,选择性IgA缺乏者有何输血风险,辐照红细胞的适应症有哪些
0,血液是否有有效期,Rh（－）者输血供应有保障吗
0,Rh阴性患者是否只能使用Rh阴性血,献血前是吃饱了去，还是空腹呢
0,公民献血后，采供血机构应发给献血者什么凭证,献血后怎样查询血液检测结果
1,造血干细胞移植可治疗哪些疾病,造血干细胞移植可治疗哪些疾病
0,全血有什么功能,献血会不会感染上疾病
0,正常人献血200~400毫升后在饮食上应注意什么,人体血容量究竟是怎么算出来的
0,捐献造血干细胞对健康有影响吗,输血可以引起哪些疾病
0,机采成分血对身体有什么影响吗,什么人可以参加献血
0,既然是无偿献血，用血时为什么要收费,血小板为什么会输注无效
1,是谁第一个发现了血型,谁发现了红细胞
0,献血前是吃饱了去，还是空腹呢,让职工上班时间献血，单位的损失不是太大了吗
0,一名健康的公民一生可以捐献多少全血,献血后为什么手臂会出现淤血
1,红细胞为什么有时候需要冻存,红细胞为什么需要冻存
0,A型血易感新冠肺炎,怎样处理单采血小板献血者偶发的缺钙症状
0,为什么要保管好《无偿献血证》,捐献造血干细胞有报酬吗
0,我害怕献血怎么办,为什么血液的颜色有差别
0,目前临床输血进展如何,如何决定输血速度
0,哪一年ABO血型系统正式命名的,献血能喝咖啡吗
0,献血会不会感染上疾病,高度近视者为何不能献血
1,血型有好坏之分吗,血型有好坏之分吗
0,女性献血者生理期间能否献血,我为什么不能献血
1,是谁第一个发现了血型,第一个发现血型的是谁
0,HIV(人类免疫缺陷病毒抗体)的检测意义是什么,我很怕痛，献血会痛吗
0,报名后是否可以随时改变捐献造血干细胞的决定,献血后要进补吗
0,"我献出的血液,采供血机构会如何处理",献血丢失的血液需要多久能恢复？需要“静养”、“进补”吗
0,献血后血液多长时间能恢复,体育锻炼热衷者能参加献血吗
1,成分献血是什么概念,成分献血是什么概念
1,是谁第一个将人血输给人的,是谁开创了直接输血法
0,如何采集造血干细胞,一名健康的公民一生可以捐献多少全血
0,献血后血液多长时间能恢复,采血量不足的血液为何不能输注给患者
1,输过血的人可以献血吗,输过血的人可以献血吗
1,父母的血型与子女的血型有什么关系,父母的血型与子女的血型有什么关系
0,献血后血液多长时间能恢复,为什么献血前有的人心里感到紧张
0,人体的血液是如何循环的,新冠肺炎疫情常态化防控怎么做
1,人体血容量究竟是怎么算出来的,人体血容量的计算方法
0,患者因严重冷凝集素而引起配血困难怎么办,国家制定《献血法》的目的是什么
0,血液检测后可用和不可用的血液去向,献血丢失的血液需要多久能恢复？需要“静养”、“进补”吗
0,输注红细胞时应该注意什么,血型是怎样遗传的
1,献血丢失的血液需要多久能恢复？需要“静养”、“进补”吗,献血后多久能恢复
0,献血能降血脂,每次献血献少点好吗
0,女性献血者生理期间能否献血,输血能成为埃博拉病毒感染者的新希望吗
0,捐献造血干细胞有报酬吗,是谁第一个将人血输给人的
1,输血是 越“新鲜”越好吗,输入的血液越新鲜越好吗
1,O型全血是万能血吗,O型血是不是万能血
1,按压针眼的三大忌,按压针眼需要注意哪三件事
0,如何决定输血速度,献血前不能吃豆浆牛奶鸡蛋咸菜，这些“经验”是怎么来的
0,献血后会不会头晕,你接种的新冠病毒疫苗是哪种？间隔多久能献血？一文告诉你
0,母婴哪些血型会发生新生儿溶血症,胎儿也有血型吗
0,采血量不足的血液为何不能输注给患者,为什么无偿献血，但输血却要收费
0,捐献单采血小板的程序是怎样的,平常还要体育锻炼怎么办
0,您知道血型工作者已经为您做了哪些工作吗,Rh阴性患者如何输血
0,凝血过程中需要钙离子吗,孕妇为什么要做血型鉴定
0,血液为什么是咸的,献血能喝咖啡吗
0,按压针眼的三大忌,采血袋中最常用的抗凝剂是什么
0,空腹献血者为什么偶尔可出现低血糖性昏厥,红细胞为什么有时候需要冻存
0,捐献成分血会不会感染疾病,为什么要推行机采成分血
1,宝宝的性格遗传谁多一些呢,孩子的性格是遗传父亲还是母亲多点
1,献血会不会上瘾,献血回上瘾吗
1,为什么无偿献血，但输血却要收费,“无偿献血，有偿使用”是这样的吗
0,献血后如何按压针眼,献血的8种好处，您知道多少
0,献血后如何按压针眼,人体的血液是如何循环的
1,机采血浆是如何操作的,机采血浆是如何操作的
0,捐献成分血会不会感染疾病,输血为什么有风险
0,献全血好还是血小板好？献血的10个小纠结，一次解决,献血后补充哪种食物才能快速恢复元气
1,空腹献血者为什么偶尔可出现低血糖性昏厥,不吃饭为什么容易出现低血糖性昏厥
0,如何预防输血相关移植物抗宿主病（TA-GVHD）,健康者在多大年龄适合捐献造血干细胞_标准如何
0,采血方式有哪几种,献血对身体有害吗
0,献血前应该喝糖水还是盐水,为什么艾滋病病毒抗体（HIV抗体）阳性不能献血
0,输注红细胞时应该注意什么,哪一年ABO血型系统正式命名的
1,病人大出血时，输血应注意什么,病人大出血时，输血应注意什么
0,为什么吸毒者被列为献血高危人群,献血会不会上瘾
0,输血为什么有风险,感冒是否可以献血
0,在采血车内献血，血液质量有保证吗,为什么无偿献血，但输血却要收费
0,捐献后的血液需要低温保存吗,血液检测后可用和不可用的血液去向
0,为什么血液的颜色有差别,自体输血适合您吗
1,Rh（－）属稀有血型吗,Rh（-）血型很稀有吗
0,为什么直系亲属间输血并不安全,为什么献血针眼处有时会淤青
1,A型血易感新冠肺炎,A型血是更容易感染新冠肺炎吗
1,哪一年ABO血型系统正式命名的,ABO血型命名时间
1,机采成分血对身体有什么影响吗,机采成分血对身体有何影响
0,为什么献血针眼处有时会淤青,人体内有哪些造血器官
0,为什么临床输血常用枸橼酸盐作抗凝剂,献血时紧张怎么办
1,为什么献血需核对身份证,忘带身份证可以献血吗
0,怎样配合医生进行输血,人体内有哪些造血器官
0,血液可以买卖么?如买卖血液会受到何种处罚,献血后如何保护针眼
1,为什么纹身、打耳洞一年内不能献血,刚纹身可以献血吗
1,我献出的血液，采供血机构会如何处理,我献出的血液，采供血机构会如何处理
0,如何预防输血相关移植物抗宿主病（TA-GVHD）,AB血型的人怎样选择美食
1,献血影响健康吗,献血是否影响健康
1,人体内有哪些造血器官,人体内有哪些造血器官
0,怎样配合医生进行输血,O血型人容易生哪些病
0,献血后检测不合格是否就表示献血者患有疾病,献血能降血脂
1,Rh（－）属稀有血型吗,Rh（－）属稀有血型吗
0,健康者在多大年龄适合捐献造血干细胞_标准如何,胎儿也有血型吗
0,为什么献血使用的针头比一般的粗,为什么血压不合格不能献血
0,对献血反应该如何处理,感冒是否可以献血
0,怎样成为一名捐献造血干细胞志愿者,最近生过病怎么办
1,亲属间输血安全吗,亲友间可以输血吗
0,Rh（－）属稀有血型吗,对献血反应该如何处理
0,血液流出体外为什么会凝固,献血中出现低血糖性昏厥该如何处理
0,红细胞为什么有时候需要冻存,血型有好坏之分吗
0,献血后如何按压针眼,输血是治疗贫血最有效的方法吗
0,Rh（－）属稀有血型吗,国家有关无偿献血的表彰及献血者的权利有哪些
1,血液的用途有哪些,血液有什么用
0,银屑病患者可以献血吗,捐机采成分血和捐献全血有区别吗
0,宝宝的性格遗传谁多一些呢,捐机采成分血对身体有什么影响吗
0,献血后补充哪种食物才能快速恢复元气,献血后要进补吗
1,在亲子鉴定中首先应考虑什么系统,在亲子鉴定中首先应考虑什么系统
0,捐献造血干细胞对健康有影响吗,如果贫血怎么还可以献血吧
0,红细胞在4度条件下为什么不能永久保存,血液黏稠度高怎么办
0,血型能改变吗,熊猫血会遗传吗 熊猫血怎么遗传
0,献血中出现低血糖性昏厥该如何处理,血液流出体外为什么会凝固
1,母婴哪些血型会发生新生儿溶血症,新生儿溶血症发生血型有哪些
0,你接种的新冠病毒疫苗是哪种？间隔多久能献血？一文告诉你,让职工上班时间献血，单位的损失不是太大了吗
0,《中华人民共和国献血法》是何时通过、何时实施的,感冒是否可以献血
0,献血后如何保护针眼,宝宝的性格遗传谁多一些呢
1,贮存式自身输血的临床应用哪些,贮存式自身输血有哪些应用例子
0,输血是 越“新鲜”越好吗,国际社会公认的“无偿献血者”的概念是什么
1,献血前不能吃豆浆牛奶鸡蛋咸菜，这些“经验”是怎么来的,献血前不能吃豆浆牛奶鸡蛋咸菜的经验怎么来的
0,贮存式自身输血要注意哪些问题,为什么“受血者”要在受血五年后再献血
0,你的血型暗藏什么致命疾病,你接种的新冠病毒疫苗是哪种？间隔多久能献血？一文告诉你
0,宝宝的性格遗传谁多一些呢,人体内有哪些造血器官
0,为什么献血时要携带有效身份证件,第VIII因子浓缩剂与冷沉淀在适应症方面有什么区别
1,为什么血压不合格不能献血,血压偏高，为什么不能献血
0,想献血但勇气不够怎么办,血型是怎样遗传的
1,捐血的时候容易被传染疾病吗,献血会被传染疾病吗
0,采血袋中最常用的抗凝剂是什么,献血中出现低血糖性昏厥该如何处理
0,为什么少数人会发生献血反应,人的血型会改变吗
0,冷沉淀外观是怎样的,献血前是吃饱了去，还是空腹呢
0,血清弱D表型孕产妇应视为RhD阴性吗,红细胞是怎样携带氧气的
0,如何决定输血量,输血浆也需要血型相同吗
0,为什么献血针眼处有时会淤青,Rh阴性患者如何输血
0,血液检验报告单上的“两对半”啥意思,献血后如何按压针眼
1,血压是怎样形成的,血压是怎样形成的
0,血型能变吗,为什么无偿献血，但输血却要收费
1,捐献造血干细胞对健康有影响吗,捐献造血干细胞对健康有怎样的影响
0,Rh阴性患者如何输血,我献出的血液，采供血机构会不会拿去卖掉呢
0,HIV(人类免疫缺陷病毒抗体)的检测意义是什么,采血方式有哪几种
0,广州血液中心是什么机构,对献血反应该如何处理
1,血液的主要组成成分有哪些,血液的主要组成成分有哪些
0,患过肝炎怎么办,献血前是吃饱了去，还是空腹呢
1,国家制定《献血法》的目的是什么,国家制定《献血法》的目的是什么
1,献血后会贫血吗,献血会导致贫血吗
0,白细胞是怎样排除异己的,献血前应做哪些准备
0,不知道献血码怎么查询献血记录,人的血液是从哪儿产生的
0,国家制定《献血法》的目的是什么,志愿者报名登记后，是否马上就要捐献造血干细胞
0,捐机采成分血对身体有什么影响吗,献血中出现低血糖性昏厥该如何处理
0,如何预防献血中出现低血糖性昏厥,捐献造血干细胞对健康有影响吗
0,Rh阴性血与Rh阳性血相比，在采集、制备和储存一样吗,输血可以引起哪些疾病
0,献血后血液多长时间能恢复,为什么需要献血
0,为什么还要填写捐献者的两位不同住址的亲属或朋友的姓名和联系方式,血液的主要功能有哪些
0,大姨妈来了为什么不能献血,为什么有的人献血后会头晕
0,我献出的血液，采供血机构会不会拿去卖掉呢,输血为什么有风险
0,献血后血液多久可以恢复,你给血管洗澡了吗
1,出现意外伤害时献血也不迟吧,出现意外伤害时献血也不迟吧
0,高度近视者为何不能献血,富血小板的血浆治疗确实有效吗
0,血液黏稠度高怎么办,我害怕献血怎么办
0,献血后检测不合格是否就表示献血者患有疾病,正常情况下心血管内的血液为什么不发生凝固
0,血液的主要组成成分有哪些,为什么采血时塑料采血袋在不停地摆动
1,血液的主要组成成分有哪些,血液组成部分
1,献血对身体有害吗,献血会影响身体健康吗
0,捐机采成分血和捐献全血有区别吗,献血能降血脂
0,为什么献血前有的人心里感到紧张,献血后如何按压针眼
0,HLA与器官移植有什么关系,造血干细胞移植可治疗哪些疾病
0,为什么吸毒者被列为献血高危人群,为什么血压不合格不能献血
0,不同血型的人可以互相输血吗,抗凝剂是如何抗凝的
0,为什么需要不同的血液成分,捐献成分血会不会感染疾病
0,第VIII因子浓缩剂与冷沉淀在适应症方面有什么区别,为什么少数人会发生献血反应
1,你接种的新冠病毒疫苗是哪种？间隔多久能献血？一文告诉你,接种灭火新冠病毒疫苗后最快多久可以献血
0,是不是献了一次血后，就必须不停地献血,为什么要捐献者本人填写同意书和捐献者登记表
1,"捐血是吃饱了再去呢,还是空腹","捐血是吃饱了再去呢,还是空腹"
0,献血能降血脂,为什么献血前有的人心里感到紧张
1,血型可以人为改变吗,血型可以人为改变吗
0,常见血液制品有哪些临床用途,胎儿也有血型吗
1,"“无偿献血,有偿使用?”是这样的吗","“无偿献血,有偿使用?”是这样的吗"
0,献血后如何按压针眼,从血型看寿命长短 哪个血型的人最长寿
0,蹲下再站起来会头晕或眼前一片黑可以献血吗,为什么艾滋病病毒抗体（HIV抗体）阳性不能献血
1,Rh是如何遗传的,rh血型是怎样遗传的
1,血液可以买卖么?如买卖血液会受到何种处罚,血液可以买卖么?如买卖血液会受到何种处罚
1,人体内血液总量是多少,人体内一共有多少血
1,公民献血后，采供血机构应发给献血者什么凭证,献血后，献血者会从采血机构那里得到什么凭证
0,国家有关无偿献血的表彰及献血者的权利有哪些,《献血法》对医疗机构临床用血有什么规定
0,献血被拒绝，您知道为什么吗,血液的颜色是什么
0,献血后血液多长时间能恢复,捐血的时候容易被传染疾病吗
0,孕妇为什么要做血型鉴定,为什么采血时塑料采血袋在不停地摆动
1,一名健康的公民一生可以捐献多少全血,正常情况下，一个人一生可以捐献多少血
1,为什么只有你献完血手臂上有淤青,为什么献血针眼处有时会淤青
0,为什么只有你献完血手臂上有淤青,献血中出现低血糖性昏厥该如何处理
0,爱喝酒的人血液里的酒精会不会太多,血液是否有有效期
1,输血不畅如何处理,输血不畅怎么办
0,输血不畅如何处理,哪些人符合献血的条件
1,献血后如何按压针眼,献血后按压针眼的正确方法
1,捐献成分血会不会感染疾病,献机采成分血可能感染疾病吗
0,公民如何参加献血,为什么纹身、打耳洞一年内不能献血
0,献血后补充哪种食物才能快速恢复元气,为什么献血使用的针头比一般的粗
1,既然提倡成分输血，那我献的全血去哪了,全血和成分血的关系
1,为什么只有你献完血手臂上有淤青,为什么只有你献完血手臂上有淤青
0,Rh（－）者输血供应有保障吗,献血后补充哪种食物才能快速恢复元气
0,让职工上班时间献血，单位的损失不是太大了吗,三种输血方式_哪种适合您
0,如何预防献血中出现低血糖性昏厥,为什么只有你献完血手臂上有淤青
0,对非法采供血者的处罚有哪些,女性献血者生理期间能否献血
0,我自己都贫血了，怎能献血呢,人的血型会改变吗
1,献血会不会上瘾,献血会令人上瘾吗
0,每次献血献少点好吗,打疫苗对献血有何影响
1,父亲给儿子输血？危险！,亲属间输血安全
1,血液的颜色是什么,血液都是红色的吗
1,"我献出的血液,采供血机构会如何处理",献完的血是怎么处理的
0,献血能喝咖啡吗,献血影响健康吗
1,“萌萌哒”血小板为啥那么小,血小板好小啊
0,秋冬季献血应注意什么,为什么说全血并不全
1,献血能降血脂,无偿献血可以降低血脂吗
0,血压是怎样形成的,想献血但勇气不够怎么办
0,输血与血型之间的关系是什么,采血量不足的血液为何不能输注给患者
0,哪些人不适合献血,献血的8种好处，您知道多少
0,献血可以减肥吗,病人大出血时，输血应注意什么
0,如何预防献血中出现低血糖性昏厥,爱喝酒的人血液里的酒精会不会太多
0,输血可以引起哪些疾病,献血后为什么手臂会出现淤血
1,广州血液中心是什么机构,广州血液中心是什么机构
0,献血为何要补充水份,为什么有的人献血后会头晕
1,一名健康的公民一生可以献多少血,一名健康的公民一生可以献多少血
0,孕妇为什么要做血型鉴定,捐献者需要承担什么费用吗
1,我献出的血液，采供血机构会如何处理,献出的血，采供血机构如何处理
0,为什么无偿献血，但输血却要收费,献血后多长时间才能参加运动
1,血型不对，难道我是捡来的,血型遗传表是什么
1,捐血的时候容易被传染疾病吗,捐血的时候容易被传染疾病吗
1,为什么不能输脂肪血,为什么不能给病人输脂肪血
0,为什么需要献血,公民献血应遵守哪些规定
0,肝素是如何抗凝的,献血影响健康吗
1,血液的主要功能有哪些,血液的主要功能有哪些
1,输血是 越“新鲜”越好吗,用血时，血液越新鲜越好吗
1,献血后为防止针眼感染一般多少天内不要沾水,献血后为防止针眼感染一般多少天内不要沾水
0,血型能变吗,为什么献完血要按压针眼及上方5—10分钟
0,《献血法》对医疗机构临床用血有什么规定,为什么采血时塑料采血袋在不停地摆动
0,如何决定输血量,为什么直系亲属之间不能相互献血
0,我很怕痛，献血会痛吗,我献出的血液，采供血机构会如何处理
1,献血后如何保护针眼,献血后怎样保护针眼
0,为什么丙型肝炎病毒抗体（HCV抗体）阳性不能献血,血型不对，难道我是捡来的
0,为什么要控制采血的“量”,献血要经过哪些步骤
0,孕妇为什么要做血型鉴定,为什么直系亲属间输血并不安全
0,父亲给儿子输血？危险！,我害怕献血怎么办
1,捐献造血干细胞有报酬吗,捐献造血干细胞有报酬吗
1,临床医生应怎样对待输血,临床医生在输血过程中的职责
0,血液为什么是咸的,血液的主要功能有哪些
0,血清弱D表型孕产妇应视为RhD阴性吗,我很怕痛，献血会痛吗
1,空腹献血者为什么偶尔可出现低血糖性昏厥,空腹献血者为什么偶尔可出现低血糖性昏厥
0,输过血的人可以献血吗,人体内有哪些造血器官
0,Rh阴性患者是否只能使用Rh阴性血,你的血型暗藏什么致命疾病
1,捐献造血干细胞你了解多少,你了解捐献造血干细胞吗
0,熊猫血会遗传吗 熊猫血怎么遗传,晕血？原来是血管迷走神经的过度反应
1,孕妇为什么要做血型鉴定,孕妇为何要做血型鉴定
0,献血者有哪些权利应受保护,红细胞为什么有时候需要冻存
0,为什么直系亲属之间不宜相互献血,Rh是如何遗传的
0,献血时紧张怎么办,不知道献血码怎么查询献血记录
0,献血会不会感染上疾病,献血被拒绝，您知道为什么吗
0,夏天献血可以喝盐分饮料吗,一名健康的公民一生可以捐献多少全血
1,血压是怎样形成的,血压形成的原理
1,辐照红细胞的适应症有哪些,辐照红细胞能治疗什么
1,为什么血压不合格不能献血,血压低能献血吗
1,献血后血液多长时间能恢复,献血后，血量多久恢复
0,为什么45-55岁的健康者不再接受采集造血干细胞登记,秋冬季献血应注意什么
1,如何评价血小板减少性紫癜的疗效,如何评价血小板减少性紫癜的疗效
1,在采血车内献血，血液质量有保证吗,在采血车内献血，血液质量有保证吗
0,人的血液是从哪儿产生的,捐机采成分血和捐献全血有区别吗
1,捐献单采血小板的程序是怎样的,单采血小板流程
0,Rh血型是如何遗传的,血压与献血有什么关系
0,献血会传染疾病吗,病人大出血时，输血应注意什么
0,熊猫血会遗传吗 熊猫血怎么遗传,献血后多久可以喝酒
1,体内HIV可完全清除,体内HIV可完全清除
0,献血后血液多长时间能恢复,HIV(人类免疫缺陷病毒抗体)的检测意义是什么
0,血压是怎样形成的,报名后是否可以随时改变捐献造血干细胞的决定
0,捐献成分血会不会感染疾病,人的血液是从哪儿产生的
1,捐机采成分血对身体有什么影响吗,捐献机采成分血对身体有害处吗
0,为什么献血使用的针头比一般的粗,献血后血液多长时间能恢复
0,中老年人如何降低高血液粘稠度,输血可以引起哪些疾病
1,为什么血压不合格不能献血,正常人的血压范围
1,人体内血液总量是多少,你以为你有多少血
0,输血时若遇含有冷凝集素的血时怎么办,怎样处理单采血小板献血者偶发的缺钙症状
1,全血为什么需要在4±2℃保存,全血在4±2℃保存的原因是什么
0,大姨妈来了为什么不能献血,献血能降血脂
0,输血为什么有风险,输注红细胞时应该注意什么
0,献血会影响体力吗,献血会传染疾病吗
0,血压与献血有什么关系,每次献血献少点好吗？献血200毫升与400毫升哪个更有益
0,我的血为什么不能输给他,血小板的“神奇功效”，您知道几个
0,月经期间为何不能献血,我害怕献血怎么办
0,人的血型会改变吗,献血后为防止针眼感染一般多少天内不要沾水
0,献血丢失的血液需要多久能恢复？需要“静养”、“进补”吗,常见血液制品有哪些临床用途
0,临床医生应怎样对待输血,Rh是如何遗传的
1,献血后如何按压针眼,献血后如何按压针眼
0,如何知道自己已成为捐献造血干细胞志愿者,为什么少数人会发生献血反应
1,我害怕献血怎么办,我害怕献血怎么办
1,为什么献血检测结果与医院检验结果不一样,为什么献血检测结果与医院检验结果不一样
0,献血能降血脂,献血会影响体力吗
0,捐献后的血液需要低温保存吗,富血小板的血浆治疗确实有效吗
0,输过血的人可以献血吗,献血会影响体力吗
1,晕血？原来是血管迷走神经的过度反应,晕血？原来是血管迷走神经的过度反应
0,你的血型暗藏什么致命疾病,献血会不会上瘾
0,献血能降血脂,红细胞在4度条件下为什么不能永久保存
1,献血可能会导致“贫血”吗,献血可能会导致“贫血”吗
0,临床医生应怎样对待输血,血液的颜色是什么
0,餐后献血会大大减少献血反应吗,公民献血后，采供血机构应发给献血者什么凭证
0,A型血易感新冠肺炎,捐献造血干细胞有报酬吗
0,人的血管能有多长,红细胞是怎样携带氧气的
0,为什么不能输脂肪血,人的血管能有多长
0,血型可以人为改变吗,为什么还要填写捐献者的两位不同住址的亲属或朋友的姓名和联系方式
1,如果贫血怎么还可以献血吧,都贫血了怎么可以献血呀
0,平时我要体力劳动怎么办,捐机采成分血和捐献全血有区别吗
0,什么人可以参加献血,为什么献血需核对身份证
0,父亲给儿子输血？危险！,你接种的新冠病毒疫苗是哪种？间隔多久能献血？一文告诉你
0,哪些人不适合献血,为什么有的人献血后会头晕
1,是谁第一个将人血输给人的,谁是第一个创造输血的人
0,献血后要进补吗,人体内血液总量是多少
0,人失血多少会有生命危险,血液为什么是咸的
0,一名健康的公民一生可以献多少血,是谁第一个将人血输给人的
0,血小板为什么会输注无效,血小板是否必须同型输注
0,Rh（－）者如何自我保护,三种输血方式_哪种适合您
1,为什么血压不合格不能献血,血压高能献血吗
0,为什么要捐献者本人填写同意书和捐献者登记表,白细胞膜上的抗原可分为几类
0,献全血好还是血小板好？献血的10个小纠结，一次解决,我献出的血液，采供血机构会如何处理
0,患者因严重冷凝集素而引起配血困难怎么办,是谁第一个将人血输给人的
1,输血是治疗贫血最有效的方法吗,治疗贫血最有效的方法是输血吗
0,血液检测后可用和不可用的血液去向,献全血好还是血小板好？献血的10个小纠结，一次解决
0,血压与献血有什么关系,让职工上班时间献血，单位的损失不是太大了吗
0,HLA与输血有什么关系,全血有什么功能
0,为什么采血时塑料采血袋在不停地摆动,大姨妈来了为什么不能献血
1,采血量不足的血液为何不能输注给患者,采血量不足的血液可以输给患者吗
0,人体急需血液时，自身哪些器官可以供血,三种输血方式_哪种适合您
0,为什么有的人会晕血,血液的颜色是什么
0,献血后血液多长时间能恢复,无偿献血者应受到哪些奖励
1,捐机采成分血对身体有什么影响吗,捐成分血对身体有什么影响吗
